treatment,threshold,round,player,decision,score,timeup,time,room,date,num_players,group,choice
upwards,0.3333333333333333,1.0,234112116928278,0.0,0.0,0.0,4070.0,35,12-13-2023,6,35,0.0
upwards,0.3333333333333333,1.0,62203575953677,1.0,1.0,0.0,12624.0,35,12-13-2023,6,35,1.0
upwards,0.3333333333333333,1.0,522422957754744,0.0,0.0,0.0,5625.0,35,12-13-2023,6,35,0.0
upwards,0.3333333333333333,1.0,412988440886966,0.0,0.0,0.0,6729.0,35,12-13-2023,6,35,0.0
upwards,0.3333333333333333,1.0,124488921666747,0.0,0.0,0.0,8396.0,35,12-13-2023,6,35,0.0
upwards,0.3333333333333333,1.0,595372328101249,1.0,1.0,0.0,11884.0,35,12-13-2023,6,35,1.0
upwards,0.3333333333333333,2.0,234112116928278,1.0,-1.0,0.0,2849.0,35,12-13-2023,6,35,1.0
upwards,0.3333333333333333,2.0,62203575953677,0.0,1.0,0.0,11527.0,35,12-13-2023,6,35,0.0
upwards,0.3333333333333333,2.0,522422957754744,1.0,-1.0,0.0,3435.0,35,12-13-2023,6,35,1.0
upwards,0.3333333333333333,2.0,412988440886966,1.0,-1.0,0.0,1584.0,35,12-13-2023,6,35,1.0
upwards,0.3333333333333333,2.0,124488921666747,1.0,-1.0,0.0,3514.0,35,12-13-2023,6,35,1.0
upwards,0.3333333333333333,2.0,595372328101249,0.0,1.0,0.0,4279.0,35,12-13-2023,6,35,0.0
upwards,0.3333333333333333,3.0,234112116928278,1.0,-2.0,0.0,2708.0,35,12-13-2023,6,35,1.0
upwards,0.3333333333333333,3.0,62203575953677,1.0,0.0,0.0,12209.0,35,12-13-2023,6,35,1.0
upwards,0.3333333333333333,3.0,522422957754744,1.0,-2.0,0.0,2381.0,35,12-13-2023,6,35,1.0
upwards,0.3333333333333333,3.0,412988440886966,1.0,-2.0,0.0,1655.0,35,12-13-2023,6,35,1.0
upwards,0.3333333333333333,3.0,124488921666747,1.0,-2.0,0.0,6286.0,35,12-13-2023,6,35,1.0
upwards,0.3333333333333333,3.0,595372328101249,1.0,0.0,0.0,4927.0,35,12-13-2023,6,35,1.0
upwards,0.3333333333333333,4.0,234112116928278,0.0,-2.0,0.0,1562.0,35,12-13-2023,6,35,0.0
upwards,0.3333333333333333,4.0,62203575953677,1.0,-1.0,0.0,5123.0,35,12-13-2023,6,35,1.0
upwards,0.3333333333333333,4.0,522422957754744,1.0,-3.0,0.0,1785.0,35,12-13-2023,6,35,1.0
upwards,0.3333333333333333,4.0,412988440886966,1.0,-3.0,0.0,2223.0,35,12-13-2023,6,35,1.0
upwards,0.3333333333333333,4.0,124488921666747,0.0,-2.0,0.0,4630.0,35,12-13-2023,6,35,0.0
upwards,0.3333333333333333,4.0,595372328101249,0.0,0.0,0.0,3362.0,35,12-13-2023,6,35,0.0
upwards,0.3333333333333333,5.0,234112116928278,0.0,-2.0,0.0,1112.0,35,12-13-2023,6,35,0.0
upwards,0.3333333333333333,5.0,62203575953677,1.0,0.0,0.0,3453.0,35,12-13-2023,6,35,1.0
upwards,0.3333333333333333,5.0,522422957754744,0.0,-3.0,0.0,1472.0,35,12-13-2023,6,35,0.0
upwards,0.3333333333333333,5.0,412988440886966,0.0,-3.0,0.0,1404.0,35,12-13-2023,6,35,0.0
upwards,0.3333333333333333,5.0,124488921666747,0.0,-2.0,0.0,5356.0,35,12-13-2023,6,35,0.0
upwards,0.3333333333333333,5.0,595372328101249,1.0,1.0,0.0,2526.0,35,12-13-2023,6,35,1.0
upwards,0.3333333333333333,6.0,234112116928278,1.0,-3.0,0.0,1192.0,35,12-13-2023,6,35,1.0
upwards,0.3333333333333333,6.0,62203575953677,0.0,0.0,0.0,1303.0,35,12-13-2023,6,35,0.0
upwards,0.3333333333333333,6.0,522422957754744,0.0,-3.0,0.0,1598.0,35,12-13-2023,6,35,0.0
upwards,0.3333333333333333,6.0,412988440886966,0.0,-3.0,0.0,1990.0,35,12-13-2023,6,35,0.0
upwards,0.3333333333333333,6.0,124488921666747,1.0,-3.0,0.0,1166.0,35,12-13-2023,6,35,1.0
upwards,0.3333333333333333,6.0,595372328101249,1.0,0.0,0.0,6276.0,35,12-13-2023,6,35,1.0
upwards,0.3333333333333333,7.0,234112116928278,0.0,-3.0,0.0,1992.0,35,12-13-2023,6,35,0.0
upwards,0.3333333333333333,7.0,62203575953677,0.0,0.0,0.0,4251.0,35,12-13-2023,6,35,0.0
upwards,0.3333333333333333,7.0,522422957754744,0.0,-3.0,0.0,936.0,35,12-13-2023,6,35,0.0
upwards,0.3333333333333333,7.0,412988440886966,0.0,-3.0,0.0,1738.0,35,12-13-2023,6,35,0.0
upwards,0.3333333333333333,7.0,124488921666747,1.0,-2.0,0.0,910.0,35,12-13-2023,6,35,1.0
upwards,0.3333333333333333,7.0,595372328101249,1.0,1.0,0.0,3316.0,35,12-13-2023,6,35,1.0
upwards,0.3333333333333333,8.0,234112116928278,1.0,-4.0,0.0,5040.0,35,12-13-2023,6,35,1.0
upwards,0.3333333333333333,8.0,62203575953677,0.0,0.0,0.0,2191.0,35,12-13-2023,6,35,0.0
upwards,0.3333333333333333,8.0,522422957754744,0.0,-3.0,0.0,964.0,35,12-13-2023,6,35,0.0
upwards,0.3333333333333333,8.0,412988440886966,1.0,-4.0,0.0,2925.0,35,12-13-2023,6,35,1.0
upwards,0.3333333333333333,8.0,124488921666747,0.0,-2.0,0.0,1976.0,35,12-13-2023,6,35,0.0
upwards,0.3333333333333333,8.0,595372328101249,1.0,0.0,0.0,1663.0,35,12-13-2023,6,35,1.0
upwards,0.3333333333333333,9.0,234112116928278,0.0,-4.0,0.0,1338.0,35,12-13-2023,6,35,0.0
upwards,0.3333333333333333,9.0,62203575953677,1.0,-1.0,0.0,987.0,35,12-13-2023,6,35,1.0
upwards,0.3333333333333333,9.0,522422957754744,1.0,-4.0,0.0,933.0,35,12-13-2023,6,35,1.0
upwards,0.3333333333333333,9.0,412988440886966,1.0,-5.0,0.0,1931.0,35,12-13-2023,6,35,1.0
upwards,0.3333333333333333,9.0,124488921666747,0.0,-2.0,0.0,1320.0,35,12-13-2023,6,35,0.0
upwards,0.3333333333333333,9.0,595372328101249,0.0,0.0,0.0,1927.0,35,12-13-2023,6,35,0.0
upwards,0.3333333333333333,10.0,234112116928278,0.0,-4.0,0.0,820.0,35,12-13-2023,6,35,0.0
upwards,0.3333333333333333,10.0,62203575953677,1.0,-2.0,0.0,1188.0,35,12-13-2023,6,35,1.0
upwards,0.3333333333333333,10.0,522422957754744,1.0,-5.0,0.0,1107.0,35,12-13-2023,6,35,1.0
upwards,0.3333333333333333,10.0,412988440886966,1.0,-6.0,0.0,1559.0,35,12-13-2023,6,35,1.0
upwards,0.3333333333333333,10.0,124488921666747,1.0,-3.0,0.0,1745.0,35,12-13-2023,6,35,1.0
upwards,0.3333333333333333,10.0,595372328101249,0.0,0.0,0.0,1504.0,35,12-13-2023,6,35,0.0
upwards,0.3333333333333333,11.0,234112116928278,0.0,-4.0,0.0,1257.0,35,12-13-2023,6,35,0.0
upwards,0.3333333333333333,11.0,62203575953677,1.0,-1.0,0.0,1110.0,35,12-13-2023,6,35,1.0
upwards,0.3333333333333333,11.0,522422957754744,1.0,-4.0,0.0,625.0,35,12-13-2023,6,35,1.0
upwards,0.3333333333333333,11.0,412988440886966,0.0,-6.0,0.0,1006.0,35,12-13-2023,6,35,0.0
upwards,0.3333333333333333,11.0,124488921666747,0.0,-3.0,0.0,768.0,35,12-13-2023,6,35,0.0
upwards,0.3333333333333333,11.0,595372328101249,0.0,0.0,0.0,1631.0,35,12-13-2023,6,35,0.0
upwards,0.3333333333333333,12.0,234112116928278,0.0,-4.0,0.0,1042.0,35,12-13-2023,6,35,0.0
upwards,0.3333333333333333,12.0,62203575953677,0.0,-1.0,0.0,4763.0,35,12-13-2023,6,35,0.0
upwards,0.3333333333333333,12.0,522422957754744,0.0,-4.0,0.0,2159.0,35,12-13-2023,6,35,0.0
upwards,0.3333333333333333,12.0,412988440886966,0.0,-6.0,0.0,1026.0,35,12-13-2023,6,35,0.0
upwards,0.3333333333333333,12.0,124488921666747,0.0,-3.0,0.0,951.0,35,12-13-2023,6,35,0.0
upwards,0.3333333333333333,12.0,595372328101249,1.0,1.0,0.0,1057.0,35,12-13-2023,6,35,1.0
upwards,0.3333333333333333,13.0,234112116928278,0.0,-4.0,0.0,872.0,35,12-13-2023,6,35,0.0
upwards,0.3333333333333333,13.0,62203575953677,1.0,-2.0,0.0,1509.0,35,12-13-2023,6,35,1.0
upwards,0.3333333333333333,13.0,522422957754744,0.0,-4.0,0.0,1378.0,35,12-13-2023,6,35,0.0
upwards,0.3333333333333333,13.0,412988440886966,1.0,-7.0,0.0,1244.0,35,12-13-2023,6,35,1.0
upwards,0.3333333333333333,13.0,124488921666747,1.0,-4.0,0.0,684.0,35,12-13-2023,6,35,1.0
upwards,0.3333333333333333,13.0,595372328101249,1.0,0.0,0.0,1785.0,35,12-13-2023,6,35,1.0
upwards,0.3333333333333333,14.0,234112116928278,0.0,-4.0,0.0,1005.0,35,12-13-2023,6,35,0.0
upwards,0.3333333333333333,14.0,62203575953677,1.0,-3.0,0.0,892.0,35,12-13-2023,6,35,1.0
upwards,0.3333333333333333,14.0,522422957754744,1.0,-5.0,0.0,2060.0,35,12-13-2023,6,35,1.0
upwards,0.3333333333333333,14.0,412988440886966,1.0,-8.0,0.0,1309.0,35,12-13-2023,6,35,1.0
upwards,0.3333333333333333,14.0,124488921666747,0.0,-4.0,0.0,1041.0,35,12-13-2023,6,35,0.0
upwards,0.3333333333333333,14.0,595372328101249,0.0,0.0,0.0,1077.0,35,12-13-2023,6,35,0.0
upwards,0.3333333333333333,15.0,234112116928278,0.0,-4.0,0.0,895.0,35,12-13-2023,6,35,0.0
upwards,0.3333333333333333,15.0,62203575953677,0.0,-3.0,0.0,1835.0,35,12-13-2023,6,35,0.0
upwards,0.3333333333333333,15.0,522422957754744,1.0,-4.0,0.0,1531.0,35,12-13-2023,6,35,1.0
upwards,0.3333333333333333,15.0,412988440886966,0.0,-8.0,0.0,1060.0,35,12-13-2023,6,35,0.0
upwards,0.3333333333333333,15.0,124488921666747,0.0,-4.0,0.0,641.0,35,12-13-2023,6,35,0.0
upwards,0.3333333333333333,15.0,595372328101249,0.0,0.0,0.0,1060.0,35,12-13-2023,6,35,0.0
upwards,0.3333333333333333,16.0,234112116928278,0.0,-4.0,0.0,1325.0,35,12-13-2023,6,35,0.0
upwards,0.3333333333333333,16.0,62203575953677,0.0,-3.0,0.0,2303.0,35,12-13-2023,6,35,0.0
upwards,0.3333333333333333,16.0,522422957754744,0.0,-4.0,0.0,3702.0,35,12-13-2023,6,35,0.0
upwards,0.3333333333333333,16.0,412988440886966,0.0,-8.0,0.0,1332.0,35,12-13-2023,6,35,0.0
upwards,0.3333333333333333,16.0,124488921666747,1.0,-3.0,0.0,645.0,35,12-13-2023,6,35,1.0
upwards,0.3333333333333333,16.0,595372328101249,1.0,1.0,0.0,1059.0,35,12-13-2023,6,35,1.0
upwards,0.3333333333333333,17.0,234112116928278,1.0,-5.0,0.0,1078.0,35,12-13-2023,6,35,1.0
upwards,0.3333333333333333,17.0,62203575953677,0.0,-3.0,0.0,1581.0,35,12-13-2023,6,35,0.0
upwards,0.3333333333333333,17.0,522422957754744,0.0,-4.0,0.0,2528.0,35,12-13-2023,6,35,0.0
upwards,0.3333333333333333,17.0,412988440886966,1.0,-9.0,0.0,1209.0,35,12-13-2023,6,35,1.0
upwards,0.3333333333333333,17.0,124488921666747,0.0,-3.0,0.0,1253.0,35,12-13-2023,6,35,0.0
upwards,0.3333333333333333,17.0,595372328101249,1.0,0.0,0.0,1438.0,35,12-13-2023,6,35,1.0
upwards,0.3333333333333333,18.0,234112116928278,1.0,-6.0,0.0,794.0,35,12-13-2023,6,35,1.0
upwards,0.3333333333333333,18.0,62203575953677,1.0,-4.0,0.0,1158.0,35,12-13-2023,6,35,1.0
upwards,0.3333333333333333,18.0,522422957754744,1.0,-5.0,0.0,3919.0,35,12-13-2023,6,35,1.0
upwards,0.3333333333333333,18.0,412988440886966,1.0,-10.0,0.0,965.0,35,12-13-2023,6,35,1.0
upwards,0.3333333333333333,18.0,124488921666747,0.0,-3.0,0.0,1681.0,35,12-13-2023,6,35,0.0
upwards,0.3333333333333333,18.0,595372328101249,1.0,-1.0,0.0,2166.0,35,12-13-2023,6,35,1.0
upwards,0.3333333333333333,19.0,234112116928278,1.0,-7.0,0.0,1102.0,35,12-13-2023,6,35,1.0
upwards,0.3333333333333333,19.0,62203575953677,1.0,-5.0,0.0,869.0,35,12-13-2023,6,35,1.0
upwards,0.3333333333333333,19.0,522422957754744,0.0,-5.0,0.0,2238.0,35,12-13-2023,6,35,0.0
upwards,0.3333333333333333,19.0,412988440886966,1.0,-11.0,0.0,1173.0,35,12-13-2023,6,35,1.0
upwards,0.3333333333333333,19.0,124488921666747,1.0,-4.0,0.0,1103.0,35,12-13-2023,6,35,1.0
upwards,0.3333333333333333,19.0,595372328101249,0.0,-1.0,0.0,1088.0,35,12-13-2023,6,35,0.0
upwards,0.3333333333333333,20.0,234112116928278,1.0,-8.0,0.0,1425.0,35,12-13-2023,6,35,1.0
upwards,0.3333333333333333,20.0,62203575953677,1.0,-6.0,0.0,1171.0,35,12-13-2023,6,35,1.0
upwards,0.3333333333333333,20.0,522422957754744,0.0,-5.0,0.0,1426.0,35,12-13-2023,6,35,0.0
upwards,0.3333333333333333,20.0,412988440886966,1.0,-12.0,0.0,1140.0,35,12-13-2023,6,35,1.0
upwards,0.3333333333333333,20.0,124488921666747,1.0,-5.0,0.0,2722.0,35,12-13-2023,6,35,1.0
upwards,0.3333333333333333,20.0,595372328101249,0.0,-1.0,0.0,1186.0,35,12-13-2023,6,35,0.0
upwards,0.3333333333333333,21.0,234112116928278,1.0,-9.0,0.0,815.0,35,12-13-2023,6,35,1.0
upwards,0.3333333333333333,21.0,62203575953677,1.0,-7.0,0.0,1365.0,35,12-13-2023,6,35,1.0
upwards,0.3333333333333333,21.0,522422957754744,1.0,-6.0,0.0,1047.0,35,12-13-2023,6,35,1.0
upwards,0.3333333333333333,21.0,412988440886966,1.0,-13.0,0.0,1236.0,35,12-13-2023,6,35,1.0
upwards,0.3333333333333333,21.0,124488921666747,0.0,-5.0,0.0,1263.0,35,12-13-2023,6,35,0.0
upwards,0.3333333333333333,21.0,595372328101249,0.0,-1.0,0.0,1192.0,35,12-13-2023,6,35,0.0
upwards,0.3333333333333333,22.0,234112116928278,1.0,-10.0,0.0,800.0,35,12-13-2023,6,35,1.0
upwards,0.3333333333333333,22.0,62203575953677,0.0,-7.0,0.0,1467.0,35,12-13-2023,6,35,0.0
upwards,0.3333333333333333,22.0,522422957754744,1.0,-7.0,0.0,921.0,35,12-13-2023,6,35,1.0
upwards,0.3333333333333333,22.0,412988440886966,0.0,-13.0,0.0,1105.0,35,12-13-2023,6,35,0.0
upwards,0.3333333333333333,22.0,124488921666747,1.0,-6.0,0.0,708.0,35,12-13-2023,6,35,1.0
upwards,0.3333333333333333,22.0,595372328101249,0.0,-1.0,0.0,1211.0,35,12-13-2023,6,35,0.0
upwards,0.3333333333333333,23.0,234112116928278,1.0,-11.0,0.0,1557.0,35,12-13-2023,6,35,1.0
upwards,0.3333333333333333,23.0,62203575953677,0.0,-7.0,0.0,1224.0,35,12-13-2023,6,35,0.0
upwards,0.3333333333333333,23.0,522422957754744,0.0,-7.0,0.0,1006.0,35,12-13-2023,6,35,0.0
upwards,0.3333333333333333,23.0,412988440886966,0.0,-13.0,0.0,1239.0,35,12-13-2023,6,35,0.0
upwards,0.3333333333333333,23.0,124488921666747,1.0,-7.0,0.0,794.0,35,12-13-2023,6,35,1.0
upwards,0.3333333333333333,23.0,595372328101249,1.0,-2.0,0.0,1229.0,35,12-13-2023,6,35,1.0
upwards,0.3333333333333333,24.0,234112116928278,0.0,-11.0,0.0,1184.0,35,12-13-2023,6,35,0.0
upwards,0.3333333333333333,24.0,62203575953677,0.0,-7.0,0.0,1458.0,35,12-13-2023,6,35,0.0
upwards,0.3333333333333333,24.0,522422957754744,0.0,-7.0,0.0,884.0,35,12-13-2023,6,35,0.0
upwards,0.3333333333333333,24.0,412988440886966,0.0,-13.0,0.0,1028.0,35,12-13-2023,6,35,0.0
upwards,0.3333333333333333,24.0,124488921666747,0.0,-7.0,0.0,595.0,35,12-13-2023,6,35,0.0
upwards,0.3333333333333333,24.0,595372328101249,0.0,-2.0,0.0,1332.0,35,12-13-2023,6,35,0.0
upwards,0.3333333333333333,25.0,234112116928278,0.0,-11.0,0.0,1000.0,35,12-13-2023,6,35,0.0
upwards,0.3333333333333333,25.0,62203575953677,1.0,-6.0,0.0,882.0,35,12-13-2023,6,35,1.0
upwards,0.3333333333333333,25.0,522422957754744,0.0,-7.0,0.0,796.0,35,12-13-2023,6,35,0.0
upwards,0.3333333333333333,25.0,412988440886966,1.0,-12.0,0.0,828.0,35,12-13-2023,6,35,1.0
upwards,0.3333333333333333,25.0,124488921666747,0.0,-7.0,0.0,1174.0,35,12-13-2023,6,35,0.0
upwards,0.3333333333333333,25.0,595372328101249,0.0,-2.0,0.0,998.0,35,12-13-2023,6,35,0.0
upwards,0.3333333333333333,26.0,234112116928278,0.0,-11.0,0.0,814.0,35,12-13-2023,6,35,0.0
upwards,0.3333333333333333,26.0,62203575953677,1.0,-5.0,0.0,1636.0,35,12-13-2023,6,35,1.0
upwards,0.3333333333333333,26.0,522422957754744,0.0,-7.0,0.0,1479.0,35,12-13-2023,6,35,0.0
upwards,0.3333333333333333,26.0,412988440886966,0.0,-12.0,0.0,769.0,35,12-13-2023,6,35,0.0
upwards,0.3333333333333333,26.0,124488921666747,1.0,-6.0,0.0,704.0,35,12-13-2023,6,35,1.0
upwards,0.3333333333333333,26.0,595372328101249,0.0,-2.0,0.0,1126.0,35,12-13-2023,6,35,0.0
upwards,0.3333333333333333,27.0,234112116928278,0.0,-11.0,0.0,1718.0,35,12-13-2023,6,35,0.0
upwards,0.3333333333333333,27.0,62203575953677,0.0,-5.0,0.0,1961.0,35,12-13-2023,6,35,0.0
upwards,0.3333333333333333,27.0,522422957754744,1.0,-8.0,0.0,1565.0,35,12-13-2023,6,35,1.0
upwards,0.3333333333333333,27.0,412988440886966,0.0,-12.0,0.0,1352.0,35,12-13-2023,6,35,0.0
upwards,0.3333333333333333,27.0,124488921666747,1.0,-7.0,0.0,757.0,35,12-13-2023,6,35,1.0
upwards,0.3333333333333333,27.0,595372328101249,1.0,-3.0,0.0,1095.0,35,12-13-2023,6,35,1.0
upwards,0.3333333333333333,28.0,234112116928278,0.0,-11.0,0.0,1089.0,35,12-13-2023,6,35,0.0
upwards,0.3333333333333333,28.0,62203575953677,0.0,-5.0,0.0,1146.0,35,12-13-2023,6,35,0.0
upwards,0.3333333333333333,28.0,522422957754744,1.0,-7.0,0.0,812.0,35,12-13-2023,6,35,1.0
upwards,0.3333333333333333,28.0,412988440886966,0.0,-12.0,0.0,738.0,35,12-13-2023,6,35,0.0
upwards,0.3333333333333333,28.0,124488921666747,0.0,-7.0,0.0,517.0,35,12-13-2023,6,35,0.0
upwards,0.3333333333333333,28.0,595372328101249,0.0,-3.0,0.0,2461.0,35,12-13-2023,6,35,0.0
upwards,0.3333333333333333,29.0,234112116928278,0.0,-11.0,0.0,818.0,35,12-13-2023,6,35,0.0
upwards,0.3333333333333333,29.0,62203575953677,0.0,-5.0,0.0,1183.0,35,12-13-2023,6,35,0.0
upwards,0.3333333333333333,29.0,522422957754744,0.0,-7.0,0.0,1012.0,35,12-13-2023,6,35,0.0
upwards,0.3333333333333333,29.0,412988440886966,0.0,-12.0,0.0,853.0,35,12-13-2023,6,35,0.0
upwards,0.3333333333333333,29.0,124488921666747,1.0,-6.0,0.0,722.0,35,12-13-2023,6,35,1.0
upwards,0.3333333333333333,29.0,595372328101249,1.0,-2.0,0.0,1341.0,35,12-13-2023,6,35,1.0
upwards,0.3333333333333333,30.0,234112116928278,1.0,-12.0,0.0,1723.0,35,12-13-2023,6,35,1.0
upwards,0.3333333333333333,30.0,62203575953677,0.0,-5.0,0.0,1757.0,35,12-13-2023,6,35,0.0
upwards,0.3333333333333333,30.0,522422957754744,0.0,-7.0,0.0,1479.0,35,12-13-2023,6,35,0.0
upwards,0.3333333333333333,30.0,412988440886966,0.0,-12.0,0.0,1086.0,35,12-13-2023,6,35,0.0
upwards,0.3333333333333333,30.0,124488921666747,1.0,-7.0,0.0,850.0,35,12-13-2023,6,35,1.0
upwards,0.3333333333333333,30.0,595372328101249,1.0,-3.0,0.0,1222.0,35,12-13-2023,6,35,1.0
upwards,0.5,31.0,234112116928278,0.0,-12.0,0.0,2391.0,35,12-13-2023,6,35,0.0
upwards,0.5,31.0,62203575953677,1.0,-4.0,0.0,3841.0,35,12-13-2023,6,35,1.0
upwards,0.5,31.0,522422957754744,1.0,-6.0,0.0,2560.0,35,12-13-2023,6,35,1.0
upwards,0.5,31.0,412988440886966,0.0,-12.0,0.0,2834.0,35,12-13-2023,6,35,0.0
upwards,0.5,31.0,124488921666747,0.0,-7.0,0.0,2859.0,35,12-13-2023,6,35,0.0
upwards,0.5,31.0,595372328101249,1.0,-2.0,0.0,2652.0,35,12-13-2023,6,35,1.0
upwards,0.5,32.0,234112116928278,0.0,-12.0,0.0,1097.0,35,12-13-2023,6,35,0.0
upwards,0.5,32.0,62203575953677,0.0,-4.0,0.0,1294.0,35,12-13-2023,6,35,0.0
upwards,0.5,32.0,522422957754744,0.0,-6.0,0.0,905.0,35,12-13-2023,6,35,0.0
upwards,0.5,32.0,412988440886966,1.0,-11.0,0.0,971.0,35,12-13-2023,6,35,1.0
upwards,0.5,32.0,124488921666747,1.0,-6.0,0.0,778.0,35,12-13-2023,6,35,1.0
upwards,0.5,32.0,595372328101249,1.0,-1.0,0.0,1309.0,35,12-13-2023,6,35,1.0
upwards,0.5,33.0,234112116928278,1.0,-13.0,0.0,1715.0,35,12-13-2023,6,35,1.0
upwards,0.5,33.0,62203575953677,1.0,-5.0,0.0,1231.0,35,12-13-2023,6,35,1.0
upwards,0.5,33.0,522422957754744,1.0,-7.0,0.0,949.0,35,12-13-2023,6,35,1.0
upwards,0.5,33.0,412988440886966,0.0,-11.0,0.0,1395.0,35,12-13-2023,6,35,0.0
upwards,0.5,33.0,124488921666747,1.0,-7.0,0.0,654.0,35,12-13-2023,6,35,1.0
upwards,0.5,33.0,595372328101249,1.0,-2.0,0.0,1282.0,35,12-13-2023,6,35,1.0
upwards,0.5,34.0,234112116928278,1.0,-14.0,0.0,1816.0,35,12-13-2023,6,35,1.0
upwards,0.5,34.0,62203575953677,1.0,-6.0,0.0,1463.0,35,12-13-2023,6,35,1.0
upwards,0.5,34.0,522422957754744,1.0,-8.0,0.0,1837.0,35,12-13-2023,6,35,1.0
upwards,0.5,34.0,412988440886966,1.0,-12.0,0.0,1088.0,35,12-13-2023,6,35,1.0
upwards,0.5,34.0,124488921666747,0.0,-7.0,0.0,696.0,35,12-13-2023,6,35,0.0
upwards,0.5,34.0,595372328101249,1.0,-3.0,0.0,1312.0,35,12-13-2023,6,35,1.0
upwards,0.5,35.0,234112116928278,1.0,-13.0,0.0,1042.0,35,12-13-2023,6,35,1.0
upwards,0.5,35.0,62203575953677,1.0,-5.0,0.0,1576.0,35,12-13-2023,6,35,1.0
upwards,0.5,35.0,522422957754744,1.0,-7.0,0.0,1034.0,35,12-13-2023,6,35,1.0
upwards,0.5,35.0,412988440886966,0.0,-12.0,0.0,791.0,35,12-13-2023,6,35,0.0
upwards,0.5,35.0,124488921666747,0.0,-7.0,0.0,764.0,35,12-13-2023,6,35,0.0
upwards,0.5,35.0,595372328101249,0.0,-3.0,0.0,1164.0,35,12-13-2023,6,35,0.0
upwards,0.5,36.0,234112116928278,1.0,-14.0,0.0,1761.0,35,12-13-2023,6,35,1.0
upwards,0.5,36.0,62203575953677,1.0,-6.0,0.0,1323.0,35,12-13-2023,6,35,1.0
upwards,0.5,36.0,522422957754744,1.0,-8.0,0.0,607.0,35,12-13-2023,6,35,1.0
upwards,0.5,36.0,412988440886966,0.0,-12.0,0.0,1040.0,35,12-13-2023,6,35,0.0
upwards,0.5,36.0,124488921666747,1.0,-8.0,0.0,825.0,35,12-13-2023,6,35,1.0
upwards,0.5,36.0,595372328101249,0.0,-3.0,0.0,2560.0,35,12-13-2023,6,35,0.0
upwards,0.5,37.0,234112116928278,0.0,-14.0,0.0,758.0,35,12-13-2023,6,35,0.0
upwards,0.5,37.0,62203575953677,1.0,-7.0,0.0,832.0,35,12-13-2023,6,35,1.0
upwards,0.5,37.0,522422957754744,1.0,-9.0,0.0,950.0,35,12-13-2023,6,35,1.0
upwards,0.5,37.0,412988440886966,1.0,-13.0,0.0,977.0,35,12-13-2023,6,35,1.0
upwards,0.5,37.0,124488921666747,1.0,-9.0,0.0,1092.0,35,12-13-2023,6,35,1.0
upwards,0.5,37.0,595372328101249,1.0,-4.0,0.0,1246.0,35,12-13-2023,6,35,1.0
upwards,0.5,38.0,234112116928278,0.0,-14.0,0.0,728.0,35,12-13-2023,6,35,0.0
upwards,0.5,38.0,62203575953677,1.0,-6.0,0.0,1205.0,35,12-13-2023,6,35,1.0
upwards,0.5,38.0,522422957754744,1.0,-8.0,0.0,1081.0,35,12-13-2023,6,35,1.0
upwards,0.5,38.0,412988440886966,0.0,-13.0,0.0,1255.0,35,12-13-2023,6,35,0.0
upwards,0.5,38.0,124488921666747,0.0,-9.0,0.0,1271.0,35,12-13-2023,6,35,0.0
upwards,0.5,38.0,595372328101249,0.0,-4.0,0.0,1144.0,35,12-13-2023,6,35,0.0
upwards,0.5,39.0,234112116928278,0.0,-14.0,0.0,639.0,35,12-13-2023,6,35,0.0
upwards,0.5,39.0,62203575953677,1.0,-7.0,0.0,944.0,35,12-13-2023,6,35,1.0
upwards,0.5,39.0,522422957754744,0.0,-8.0,0.0,820.0,35,12-13-2023,6,35,0.0
upwards,0.5,39.0,412988440886966,1.0,-14.0,0.0,1537.0,35,12-13-2023,6,35,1.0
upwards,0.5,39.0,124488921666747,1.0,-10.0,0.0,698.0,35,12-13-2023,6,35,1.0
upwards,0.5,39.0,595372328101249,1.0,-5.0,0.0,2641.0,35,12-13-2023,6,35,1.0
upwards,0.5,40.0,234112116928278,0.0,-14.0,0.0,1839.0,35,12-13-2023,6,35,0.0
upwards,0.5,40.0,62203575953677,1.0,-6.0,0.0,1301.0,35,12-13-2023,6,35,1.0
upwards,0.5,40.0,522422957754744,0.0,-8.0,0.0,1216.0,35,12-13-2023,6,35,0.0
upwards,0.5,40.0,412988440886966,1.0,-13.0,0.0,1449.0,35,12-13-2023,6,35,1.0
upwards,0.5,40.0,124488921666747,1.0,-9.0,0.0,1164.0,35,12-13-2023,6,35,1.0
upwards,0.5,40.0,595372328101249,0.0,-5.0,0.0,1027.0,35,12-13-2023,6,35,0.0
upwards,0.5,41.0,234112116928278,0.0,-14.0,0.0,849.0,35,12-13-2023,6,35,0.0
upwards,0.5,41.0,62203575953677,1.0,-5.0,0.0,1368.0,35,12-13-2023,6,35,1.0
upwards,0.5,41.0,522422957754744,1.0,-7.0,0.0,1076.0,35,12-13-2023,6,35,1.0
upwards,0.5,41.0,412988440886966,1.0,-12.0,0.0,1076.0,35,12-13-2023,6,35,1.0
upwards,0.5,41.0,124488921666747,0.0,-9.0,0.0,758.0,35,12-13-2023,6,35,0.0
upwards,0.5,41.0,595372328101249,0.0,-5.0,0.0,2149.0,35,12-13-2023,6,35,0.0
upwards,0.5,42.0,234112116928278,0.0,-14.0,0.0,2280.0,35,12-13-2023,6,35,0.0
upwards,0.5,42.0,62203575953677,1.0,-4.0,0.0,739.0,35,12-13-2023,6,35,1.0
upwards,0.5,42.0,522422957754744,0.0,-7.0,0.0,1196.0,35,12-13-2023,6,35,0.0
upwards,0.5,42.0,412988440886966,0.0,-12.0,0.0,690.0,35,12-13-2023,6,35,0.0
upwards,0.5,42.0,124488921666747,0.0,-9.0,0.0,687.0,35,12-13-2023,6,35,0.0
upwards,0.5,42.0,595372328101249,0.0,-5.0,0.0,1525.0,35,12-13-2023,6,35,0.0
upwards,0.5,43.0,234112116928278,0.0,-14.0,0.0,1062.0,35,12-13-2023,6,35,0.0
upwards,0.5,43.0,62203575953677,1.0,-5.0,0.0,733.0,35,12-13-2023,6,35,1.0
upwards,0.5,43.0,522422957754744,0.0,-7.0,0.0,1544.0,35,12-13-2023,6,35,0.0
upwards,0.5,43.0,412988440886966,1.0,-13.0,0.0,1248.0,35,12-13-2023,6,35,1.0
upwards,0.5,43.0,124488921666747,1.0,-10.0,0.0,848.0,35,12-13-2023,6,35,1.0
upwards,0.5,43.0,595372328101249,1.0,-6.0,0.0,1113.0,35,12-13-2023,6,35,1.0
upwards,0.5,44.0,234112116928278,0.0,-14.0,0.0,861.0,35,12-13-2023,6,35,0.0
upwards,0.5,44.0,62203575953677,1.0,-6.0,0.0,959.0,35,12-13-2023,6,35,1.0
upwards,0.5,44.0,522422957754744,1.0,-8.0,0.0,845.0,35,12-13-2023,6,35,1.0
upwards,0.5,44.0,412988440886966,1.0,-14.0,0.0,941.0,35,12-13-2023,6,35,1.0
upwards,0.5,44.0,124488921666747,1.0,-11.0,0.0,663.0,35,12-13-2023,6,35,1.0
upwards,0.5,44.0,595372328101249,1.0,-7.0,0.0,1179.0,35,12-13-2023,6,35,1.0
upwards,0.5,45.0,234112116928278,1.0,-13.0,0.0,2882.0,35,12-13-2023,6,35,1.0
upwards,0.5,45.0,62203575953677,1.0,-5.0,0.0,762.0,35,12-13-2023,6,35,1.0
upwards,0.5,45.0,522422957754744,0.0,-8.0,0.0,790.0,35,12-13-2023,6,35,0.0
upwards,0.5,45.0,412988440886966,0.0,-14.0,0.0,1134.0,35,12-13-2023,6,35,0.0
upwards,0.5,45.0,124488921666747,1.0,-10.0,0.0,512.0,35,12-13-2023,6,35,1.0
upwards,0.5,45.0,595372328101249,0.0,-7.0,0.0,895.0,35,12-13-2023,6,35,0.0
upwards,0.5,46.0,234112116928278,1.0,-12.0,0.0,1738.0,35,12-13-2023,6,35,1.0
upwards,0.5,46.0,62203575953677,0.0,-5.0,0.0,883.0,35,12-13-2023,6,35,0.0
upwards,0.5,46.0,522422957754744,1.0,-7.0,0.0,1099.0,35,12-13-2023,6,35,1.0
upwards,0.5,46.0,412988440886966,0.0,-14.0,0.0,935.0,35,12-13-2023,6,35,0.0
upwards,0.5,46.0,124488921666747,0.0,-10.0,0.0,543.0,35,12-13-2023,6,35,0.0
upwards,0.5,46.0,595372328101249,1.0,-6.0,0.0,1023.0,35,12-13-2023,6,35,1.0
upwards,0.5,47.0,234112116928278,0.0,-12.0,0.0,2015.0,35,12-13-2023,6,35,0.0
upwards,0.5,47.0,62203575953677,0.0,-5.0,0.0,1177.0,35,12-13-2023,6,35,0.0
upwards,0.5,47.0,522422957754744,0.0,-7.0,0.0,1533.0,35,12-13-2023,6,35,0.0
upwards,0.5,47.0,412988440886966,0.0,-14.0,0.0,1141.0,35,12-13-2023,6,35,0.0
upwards,0.5,47.0,124488921666747,1.0,-9.0,0.0,718.0,35,12-13-2023,6,35,1.0
upwards,0.5,47.0,595372328101249,1.0,-5.0,0.0,1371.0,35,12-13-2023,6,35,1.0
upwards,0.5,48.0,234112116928278,0.0,-12.0,0.0,1491.0,35,12-13-2023,6,35,0.0
upwards,0.5,48.0,62203575953677,0.0,-5.0,0.0,1983.0,35,12-13-2023,6,35,0.0
upwards,0.5,48.0,522422957754744,0.0,-7.0,0.0,865.0,35,12-13-2023,6,35,0.0
upwards,0.5,48.0,412988440886966,1.0,-13.0,0.0,653.0,35,12-13-2023,6,35,1.0
upwards,0.5,48.0,124488921666747,0.0,-9.0,0.0,760.0,35,12-13-2023,6,35,0.0
upwards,0.5,48.0,595372328101249,1.0,-4.0,0.0,1332.0,35,12-13-2023,6,35,1.0
upwards,0.5,49.0,234112116928278,0.0,-12.0,0.0,662.0,35,12-13-2023,6,35,0.0
upwards,0.5,49.0,62203575953677,1.0,-6.0,0.0,1226.0,35,12-13-2023,6,35,1.0
upwards,0.5,49.0,522422957754744,1.0,-8.0,0.0,730.0,35,12-13-2023,6,35,1.0
upwards,0.5,49.0,412988440886966,1.0,-14.0,0.0,1244.0,35,12-13-2023,6,35,1.0
upwards,0.5,49.0,124488921666747,1.0,-10.0,0.0,622.0,35,12-13-2023,6,35,1.0
upwards,0.5,49.0,595372328101249,1.0,-5.0,0.0,1129.0,35,12-13-2023,6,35,1.0
upwards,0.5,50.0,234112116928278,0.0,-12.0,0.0,1210.0,35,12-13-2023,6,35,0.0
upwards,0.5,50.0,62203575953677,1.0,-5.0,0.0,607.0,35,12-13-2023,6,35,1.0
upwards,0.5,50.0,522422957754744,0.0,-8.0,0.0,1148.0,35,12-13-2023,6,35,0.0
upwards,0.5,50.0,412988440886966,0.0,-14.0,0.0,1115.0,35,12-13-2023,6,35,0.0
upwards,0.5,50.0,124488921666747,0.0,-10.0,0.0,768.0,35,12-13-2023,6,35,0.0
upwards,0.5,50.0,595372328101249,0.0,-5.0,0.0,1471.0,35,12-13-2023,6,35,0.0
upwards,0.5,51.0,234112116928278,0.0,-12.0,0.0,1844.0,35,12-13-2023,6,35,0.0
upwards,0.5,51.0,62203575953677,1.0,-4.0,0.0,863.0,35,12-13-2023,6,35,1.0
upwards,0.5,51.0,522422957754744,0.0,-8.0,0.0,749.0,35,12-13-2023,6,35,0.0
upwards,0.5,51.0,412988440886966,1.0,-13.0,0.0,841.0,35,12-13-2023,6,35,1.0
upwards,0.5,51.0,124488921666747,0.0,-10.0,0.0,545.0,35,12-13-2023,6,35,0.0
upwards,0.5,51.0,595372328101249,0.0,-5.0,0.0,932.0,35,12-13-2023,6,35,0.0
upwards,0.5,52.0,234112116928278,0.0,-12.0,0.0,725.0,35,12-13-2023,6,35,0.0
upwards,0.5,52.0,62203575953677,1.0,-3.0,0.0,936.0,35,12-13-2023,6,35,1.0
upwards,0.5,52.0,522422957754744,1.0,-7.0,0.0,969.0,35,12-13-2023,6,35,1.0
upwards,0.5,52.0,412988440886966,0.0,-13.0,0.0,1599.0,35,12-13-2023,6,35,0.0
upwards,0.5,52.0,124488921666747,0.0,-10.0,0.0,737.0,35,12-13-2023,6,35,0.0
upwards,0.5,52.0,595372328101249,1.0,-4.0,0.0,994.0,35,12-13-2023,6,35,1.0
upwards,0.5,53.0,234112116928278,1.0,-13.0,0.0,1316.0,35,12-13-2023,6,35,1.0
upwards,0.5,53.0,62203575953677,1.0,-4.0,0.0,1727.0,35,12-13-2023,6,35,1.0
upwards,0.5,53.0,522422957754744,1.0,-8.0,0.0,1597.0,35,12-13-2023,6,35,1.0
upwards,0.5,53.0,412988440886966,1.0,-14.0,0.0,2296.0,35,12-13-2023,6,35,1.0
upwards,0.5,53.0,124488921666747,1.0,-11.0,0.0,938.0,35,12-13-2023,6,35,1.0
upwards,0.5,53.0,595372328101249,1.0,-5.0,0.0,1129.0,35,12-13-2023,6,35,1.0
upwards,0.5,54.0,234112116928278,1.0,-14.0,0.0,1375.0,35,12-13-2023,6,35,1.0
upwards,0.5,54.0,62203575953677,1.0,-5.0,0.0,546.0,35,12-13-2023,6,35,1.0
upwards,0.5,54.0,522422957754744,1.0,-9.0,0.0,860.0,35,12-13-2023,6,35,1.0
upwards,0.5,54.0,412988440886966,1.0,-15.0,0.0,1271.0,35,12-13-2023,6,35,1.0
upwards,0.5,54.0,124488921666747,0.0,-11.0,0.0,1204.0,35,12-13-2023,6,35,0.0
upwards,0.5,54.0,595372328101249,0.0,-5.0,0.0,762.0,35,12-13-2023,6,35,0.0
upwards,0.5,55.0,234112116928278,1.0,-15.0,0.0,899.0,35,12-13-2023,6,35,1.0
upwards,0.5,55.0,62203575953677,1.0,-6.0,0.0,2055.0,35,12-13-2023,6,35,1.0
upwards,0.5,55.0,522422957754744,1.0,-10.0,0.0,806.0,35,12-13-2023,6,35,1.0
upwards,0.5,55.0,412988440886966,1.0,-16.0,0.0,1384.0,35,12-13-2023,6,35,1.0
upwards,0.5,55.0,124488921666747,0.0,-11.0,0.0,719.0,35,12-13-2023,6,35,0.0
upwards,0.5,55.0,595372328101249,0.0,-5.0,0.0,960.0,35,12-13-2023,6,35,0.0
upwards,0.5,56.0,234112116928278,1.0,-16.0,0.0,596.0,35,12-13-2023,6,35,1.0
upwards,0.5,56.0,62203575953677,1.0,-7.0,0.0,1524.0,35,12-13-2023,6,35,1.0
upwards,0.5,56.0,522422957754744,1.0,-11.0,0.0,985.0,35,12-13-2023,6,35,1.0
upwards,0.5,56.0,412988440886966,1.0,-17.0,0.0,1274.0,35,12-13-2023,6,35,1.0
upwards,0.5,56.0,124488921666747,0.0,-11.0,0.0,766.0,35,12-13-2023,6,35,0.0
upwards,0.5,56.0,595372328101249,0.0,-5.0,0.0,833.0,35,12-13-2023,6,35,0.0
upwards,0.5,57.0,234112116928278,1.0,-15.0,0.0,1318.0,35,12-13-2023,6,35,1.0
upwards,0.5,57.0,62203575953677,1.0,-6.0,0.0,1301.0,35,12-13-2023,6,35,1.0
upwards,0.5,57.0,522422957754744,1.0,-10.0,0.0,1143.0,35,12-13-2023,6,35,1.0
upwards,0.5,57.0,412988440886966,0.0,-17.0,0.0,755.0,35,12-13-2023,6,35,0.0
upwards,0.5,57.0,124488921666747,0.0,-11.0,0.0,649.0,35,12-13-2023,6,35,0.0
upwards,0.5,57.0,595372328101249,0.0,-5.0,0.0,913.0,35,12-13-2023,6,35,0.0
upwards,0.5,58.0,234112116928278,1.0,-16.0,0.0,1389.0,35,12-13-2023,6,35,1.0
upwards,0.5,58.0,62203575953677,1.0,-7.0,0.0,5193.0,35,12-13-2023,6,35,1.0
upwards,0.5,58.0,522422957754744,0.0,-10.0,0.0,923.0,35,12-13-2023,6,35,0.0
upwards,0.5,58.0,412988440886966,0.0,-17.0,0.0,1010.0,35,12-13-2023,6,35,0.0
upwards,0.5,58.0,124488921666747,1.0,-12.0,0.0,750.0,35,12-13-2023,6,35,1.0
upwards,0.5,58.0,595372328101249,1.0,-6.0,0.0,1351.0,35,12-13-2023,6,35,1.0
upwards,0.5,59.0,234112116928278,0.0,-16.0,0.0,1592.0,35,12-13-2023,6,35,0.0
upwards,0.5,59.0,62203575953677,0.0,-7.0,0.0,1175.0,35,12-13-2023,6,35,0.0
upwards,0.5,59.0,522422957754744,1.0,-9.0,0.0,1899.0,35,12-13-2023,6,35,1.0
upwards,0.5,59.0,412988440886966,0.0,-17.0,0.0,924.0,35,12-13-2023,6,35,0.0
upwards,0.5,59.0,124488921666747,1.0,-11.0,0.0,830.0,35,12-13-2023,6,35,1.0
upwards,0.5,59.0,595372328101249,0.0,-6.0,0.0,1516.0,35,12-13-2023,6,35,0.0
upwards,0.5,60.0,234112116928278,0.0,-16.0,0.0,1232.0,35,12-13-2023,6,35,0.0
upwards,0.5,60.0,62203575953677,1.0,-6.0,0.0,792.0,35,12-13-2023,6,35,1.0
upwards,0.5,60.0,522422957754744,0.0,-9.0,0.0,901.0,35,12-13-2023,6,35,0.0
upwards,0.5,60.0,412988440886966,1.0,-16.0,0.0,1301.0,35,12-13-2023,6,35,1.0
upwards,0.5,60.0,124488921666747,0.0,-11.0,0.0,1339.0,35,12-13-2023,6,35,0.0
upwards,0.5,60.0,595372328101249,0.0,-6.0,0.0,1854.0,35,12-13-2023,6,35,0.0
upwards,0.5,61.0,234112116928278,0.0,-16.0,0.0,833.0,35,12-13-2023,6,35,0.0
upwards,0.5,61.0,62203575953677,1.0,-5.0,0.0,869.0,35,12-13-2023,6,35,1.0
upwards,0.5,61.0,522422957754744,0.0,-9.0,0.0,739.0,35,12-13-2023,6,35,0.0
upwards,0.5,61.0,412988440886966,1.0,-15.0,0.0,805.0,35,12-13-2023,6,35,1.0
upwards,0.5,61.0,124488921666747,0.0,-11.0,0.0,910.0,35,12-13-2023,6,35,0.0
upwards,0.5,61.0,595372328101249,1.0,-5.0,0.0,1047.0,35,12-13-2023,6,35,1.0
upwards,0.6666666666666666,62.0,234112116928278,0.0,-16.0,0.0,2093.0,35,12-13-2023,6,35,0.0
upwards,0.6666666666666666,62.0,62203575953677,0.0,-5.0,0.0,3843.0,35,12-13-2023,6,35,0.0
upwards,0.6666666666666666,62.0,522422957754744,0.0,-9.0,0.0,2911.0,35,12-13-2023,6,35,0.0
upwards,0.6666666666666666,62.0,412988440886966,0.0,-15.0,0.0,2583.0,35,12-13-2023,6,35,0.0
upwards,0.6666666666666666,62.0,124488921666747,1.0,-10.0,0.0,2487.0,35,12-13-2023,6,35,1.0
upwards,0.6666666666666666,62.0,595372328101249,1.0,-4.0,0.0,1951.0,35,12-13-2023,6,35,1.0
upwards,0.6666666666666666,63.0,234112116928278,0.0,-16.0,0.0,1072.0,35,12-13-2023,6,35,0.0
upwards,0.6666666666666666,63.0,62203575953677,0.0,-5.0,0.0,804.0,35,12-13-2023,6,35,0.0
upwards,0.6666666666666666,63.0,522422957754744,1.0,-8.0,0.0,693.0,35,12-13-2023,6,35,1.0
upwards,0.6666666666666666,63.0,412988440886966,1.0,-14.0,0.0,920.0,35,12-13-2023,6,35,1.0
upwards,0.6666666666666666,63.0,124488921666747,0.0,-10.0,0.0,597.0,35,12-13-2023,6,35,0.0
upwards,0.6666666666666666,63.0,595372328101249,1.0,-3.0,0.0,1204.0,35,12-13-2023,6,35,1.0
upwards,0.6666666666666666,64.0,234112116928278,0.0,-16.0,0.0,1073.0,35,12-13-2023,6,35,0.0
upwards,0.6666666666666666,64.0,62203575953677,1.0,-4.0,0.0,858.0,35,12-13-2023,6,35,1.0
upwards,0.6666666666666666,64.0,522422957754744,0.0,-8.0,0.0,810.0,35,12-13-2023,6,35,0.0
upwards,0.6666666666666666,64.0,412988440886966,1.0,-13.0,0.0,860.0,35,12-13-2023,6,35,1.0
upwards,0.6666666666666666,64.0,124488921666747,1.0,-9.0,0.0,786.0,35,12-13-2023,6,35,1.0
upwards,0.6666666666666666,64.0,595372328101249,1.0,-2.0,0.0,1255.0,35,12-13-2023,6,35,1.0
upwards,0.6666666666666666,65.0,234112116928278,1.0,-15.0,0.0,1271.0,35,12-13-2023,6,35,1.0
upwards,0.6666666666666666,65.0,62203575953677,1.0,-3.0,0.0,1247.0,35,12-13-2023,6,35,1.0
upwards,0.6666666666666666,65.0,522422957754744,1.0,-7.0,0.0,1031.0,35,12-13-2023,6,35,1.0
upwards,0.6666666666666666,65.0,412988440886966,0.0,-13.0,0.0,756.0,35,12-13-2023,6,35,0.0
upwards,0.6666666666666666,65.0,124488921666747,0.0,-9.0,0.0,1046.0,35,12-13-2023,6,35,0.0
upwards,0.6666666666666666,65.0,595372328101249,0.0,-2.0,0.0,1944.0,35,12-13-2023,6,35,0.0
upwards,0.6666666666666666,66.0,234112116928278,1.0,-16.0,0.0,1273.0,35,12-13-2023,6,35,1.0
upwards,0.6666666666666666,66.0,62203575953677,1.0,-4.0,0.0,1488.0,35,12-13-2023,6,35,1.0
upwards,0.6666666666666666,66.0,522422957754744,1.0,-8.0,0.0,1901.0,35,12-13-2023,6,35,1.0
upwards,0.6666666666666666,66.0,412988440886966,0.0,-13.0,0.0,811.0,35,12-13-2023,6,35,0.0
upwards,0.6666666666666666,66.0,124488921666747,1.0,-10.0,0.0,823.0,35,12-13-2023,6,35,1.0
upwards,0.6666666666666666,66.0,595372328101249,1.0,-3.0,0.0,859.0,35,12-13-2023,6,35,1.0
upwards,0.6666666666666666,67.0,234112116928278,1.0,-15.0,0.0,1343.0,35,12-13-2023,6,35,1.0
upwards,0.6666666666666666,67.0,62203575953677,1.0,-3.0,0.0,1692.0,35,12-13-2023,6,35,1.0
upwards,0.6666666666666666,67.0,522422957754744,1.0,-7.0,0.0,849.0,35,12-13-2023,6,35,1.0
upwards,0.6666666666666666,67.0,412988440886966,1.0,-12.0,0.0,996.0,35,12-13-2023,6,35,1.0
upwards,0.6666666666666666,67.0,124488921666747,0.0,-10.0,0.0,954.0,35,12-13-2023,6,35,0.0
upwards,0.6666666666666666,67.0,595372328101249,0.0,-3.0,0.0,854.0,35,12-13-2023,6,35,0.0
upwards,0.6666666666666666,68.0,234112116928278,1.0,-14.0,0.0,1150.0,35,12-13-2023,6,35,1.0
upwards,0.6666666666666666,68.0,62203575953677,0.0,-3.0,0.0,1079.0,35,12-13-2023,6,35,0.0
upwards,0.6666666666666666,68.0,522422957754744,1.0,-6.0,0.0,1715.0,35,12-13-2023,6,35,1.0
upwards,0.6666666666666666,68.0,412988440886966,1.0,-11.0,0.0,828.0,35,12-13-2023,6,35,1.0
upwards,0.6666666666666666,68.0,124488921666747,0.0,-10.0,0.0,816.0,35,12-13-2023,6,35,0.0
upwards,0.6666666666666666,68.0,595372328101249,0.0,-3.0,0.0,1221.0,35,12-13-2023,6,35,0.0
upwards,0.6666666666666666,69.0,234112116928278,1.0,-15.0,0.0,546.0,35,12-13-2023,6,35,1.0
upwards,0.6666666666666666,69.0,62203575953677,1.0,-4.0,0.0,776.0,35,12-13-2023,6,35,1.0
upwards,0.6666666666666666,69.0,522422957754744,1.0,-7.0,0.0,833.0,35,12-13-2023,6,35,1.0
upwards,0.6666666666666666,69.0,412988440886966,1.0,-12.0,0.0,861.0,35,12-13-2023,6,35,1.0
upwards,0.6666666666666666,69.0,124488921666747,1.0,-11.0,0.0,666.0,35,12-13-2023,6,35,1.0
upwards,0.6666666666666666,69.0,595372328101249,1.0,-4.0,0.0,833.0,35,12-13-2023,6,35,1.0
upwards,0.6666666666666666,70.0,234112116928278,1.0,-14.0,0.0,781.0,35,12-13-2023,6,35,1.0
upwards,0.6666666666666666,70.0,62203575953677,1.0,-3.0,0.0,1000.0,35,12-13-2023,6,35,1.0
upwards,0.6666666666666666,70.0,522422957754744,1.0,-6.0,0.0,962.0,35,12-13-2023,6,35,1.0
upwards,0.6666666666666666,70.0,412988440886966,0.0,-12.0,0.0,1034.0,35,12-13-2023,6,35,0.0
upwards,0.6666666666666666,70.0,124488921666747,1.0,-10.0,0.0,765.0,35,12-13-2023,6,35,1.0
upwards,0.6666666666666666,70.0,595372328101249,0.0,-4.0,0.0,628.0,35,12-13-2023,6,35,0.0
upwards,0.6666666666666666,71.0,234112116928278,1.0,-13.0,0.0,1202.0,35,12-13-2023,6,35,1.0
upwards,0.6666666666666666,71.0,62203575953677,1.0,-2.0,0.0,1704.0,35,12-13-2023,6,35,1.0
upwards,0.6666666666666666,71.0,522422957754744,0.0,-6.0,0.0,963.0,35,12-13-2023,6,35,0.0
upwards,0.6666666666666666,71.0,412988440886966,0.0,-12.0,0.0,1055.0,35,12-13-2023,6,35,0.0
upwards,0.6666666666666666,71.0,124488921666747,1.0,-9.0,0.0,608.0,35,12-13-2023,6,35,1.0
upwards,0.6666666666666666,71.0,595372328101249,0.0,-4.0,0.0,931.0,35,12-13-2023,6,35,0.0
upwards,0.6666666666666666,72.0,234112116928278,1.0,-14.0,0.0,1516.0,35,12-13-2023,6,35,1.0
upwards,0.6666666666666666,72.0,62203575953677,1.0,-3.0,0.0,1615.0,35,12-13-2023,6,35,1.0
upwards,0.6666666666666666,72.0,522422957754744,1.0,-7.0,0.0,1208.0,35,12-13-2023,6,35,1.0
upwards,0.6666666666666666,72.0,412988440886966,1.0,-13.0,0.0,867.0,35,12-13-2023,6,35,1.0
upwards,0.6666666666666666,72.0,124488921666747,0.0,-9.0,0.0,722.0,35,12-13-2023,6,35,0.0
upwards,0.6666666666666666,72.0,595372328101249,1.0,-5.0,0.0,1076.0,35,12-13-2023,6,35,1.0
upwards,0.6666666666666666,73.0,234112116928278,0.0,-14.0,0.0,804.0,35,12-13-2023,6,35,0.0
upwards,0.6666666666666666,73.0,62203575953677,1.0,-2.0,0.0,1859.0,35,12-13-2023,6,35,1.0
upwards,0.6666666666666666,73.0,522422957754744,1.0,-6.0,0.0,829.0,35,12-13-2023,6,35,1.0
upwards,0.6666666666666666,73.0,412988440886966,1.0,-12.0,0.0,1005.0,35,12-13-2023,6,35,1.0
upwards,0.6666666666666666,73.0,124488921666747,0.0,-9.0,0.0,640.0,35,12-13-2023,6,35,0.0
upwards,0.6666666666666666,73.0,595372328101249,1.0,-4.0,0.0,1346.0,35,12-13-2023,6,35,1.0
upwards,0.6666666666666666,74.0,234112116928278,0.0,-14.0,0.0,846.0,35,12-13-2023,6,35,0.0
upwards,0.6666666666666666,74.0,62203575953677,1.0,-3.0,0.0,702.0,35,12-13-2023,6,35,1.0
upwards,0.6666666666666666,74.0,522422957754744,1.0,-7.0,0.0,916.0,35,12-13-2023,6,35,1.0
upwards,0.6666666666666666,74.0,412988440886966,1.0,-13.0,0.0,996.0,35,12-13-2023,6,35,1.0
upwards,0.6666666666666666,74.0,124488921666747,1.0,-10.0,0.0,1122.0,35,12-13-2023,6,35,1.0
upwards,0.6666666666666666,74.0,595372328101249,1.0,-5.0,0.0,1017.0,35,12-13-2023,6,35,1.0
upwards,0.6666666666666666,75.0,234112116928278,0.0,-14.0,0.0,719.0,35,12-13-2023,6,35,0.0
upwards,0.6666666666666666,75.0,62203575953677,1.0,-2.0,0.0,917.0,35,12-13-2023,6,35,1.0
upwards,0.6666666666666666,75.0,522422957754744,1.0,-6.0,0.0,1206.0,35,12-13-2023,6,35,1.0
upwards,0.6666666666666666,75.0,412988440886966,1.0,-12.0,0.0,1216.0,35,12-13-2023,6,35,1.0
upwards,0.6666666666666666,75.0,124488921666747,0.0,-10.0,0.0,960.0,35,12-13-2023,6,35,0.0
upwards,0.6666666666666666,75.0,595372328101249,0.0,-5.0,0.0,1128.0,35,12-13-2023,6,35,0.0
upwards,0.6666666666666666,76.0,234112116928278,0.0,-14.0,0.0,595.0,35,12-13-2023,6,35,0.0
upwards,0.6666666666666666,76.0,62203575953677,1.0,-1.0,0.0,603.0,35,12-13-2023,6,35,1.0
upwards,0.6666666666666666,76.0,522422957754744,0.0,-6.0,0.0,1139.0,35,12-13-2023,6,35,0.0
upwards,0.6666666666666666,76.0,412988440886966,0.0,-12.0,0.0,1292.0,35,12-13-2023,6,35,0.0
upwards,0.6666666666666666,76.0,124488921666747,1.0,-9.0,0.0,612.0,35,12-13-2023,6,35,1.0
upwards,0.6666666666666666,76.0,595372328101249,1.0,-4.0,0.0,1441.0,35,12-13-2023,6,35,1.0
upwards,0.6666666666666666,77.0,234112116928278,0.0,-14.0,0.0,483.0,35,12-13-2023,6,35,0.0
upwards,0.6666666666666666,77.0,62203575953677,1.0,0.0,0.0,739.0,35,12-13-2023,6,35,1.0
upwards,0.6666666666666666,77.0,522422957754744,0.0,-6.0,0.0,1961.0,35,12-13-2023,6,35,0.0
upwards,0.6666666666666666,77.0,412988440886966,1.0,-11.0,0.0,788.0,35,12-13-2023,6,35,1.0
upwards,0.6666666666666666,77.0,124488921666747,1.0,-8.0,0.0,660.0,35,12-13-2023,6,35,1.0
upwards,0.6666666666666666,77.0,595372328101249,1.0,-3.0,0.0,983.0,35,12-13-2023,6,35,1.0
upwards,0.6666666666666666,78.0,234112116928278,1.0,-13.0,0.0,586.0,35,12-13-2023,6,35,1.0
upwards,0.6666666666666666,78.0,62203575953677,0.0,0.0,0.0,2265.0,35,12-13-2023,6,35,0.0
upwards,0.6666666666666666,78.0,522422957754744,1.0,-5.0,0.0,966.0,35,12-13-2023,6,35,1.0
upwards,0.6666666666666666,78.0,412988440886966,1.0,-10.0,0.0,972.0,35,12-13-2023,6,35,1.0
upwards,0.6666666666666666,78.0,124488921666747,0.0,-8.0,0.0,648.0,35,12-13-2023,6,35,0.0
upwards,0.6666666666666666,78.0,595372328101249,1.0,-2.0,0.0,1092.0,35,12-13-2023,6,35,1.0
upwards,0.6666666666666666,79.0,234112116928278,0.0,-13.0,0.0,649.0,35,12-13-2023,6,35,0.0
upwards,0.6666666666666666,79.0,62203575953677,0.0,0.0,0.0,1667.0,35,12-13-2023,6,35,0.0
upwards,0.6666666666666666,79.0,522422957754744,0.0,-5.0,0.0,1150.0,35,12-13-2023,6,35,0.0
upwards,0.6666666666666666,79.0,412988440886966,0.0,-10.0,0.0,1242.0,35,12-13-2023,6,35,0.0
upwards,0.6666666666666666,79.0,124488921666747,0.0,-8.0,0.0,1450.0,35,12-13-2023,6,35,0.0
upwards,0.6666666666666666,79.0,595372328101249,1.0,-1.0,0.0,1050.0,35,12-13-2023,6,35,1.0
upwards,0.6666666666666666,80.0,234112116928278,0.0,-13.0,0.0,1142.0,35,12-13-2023,6,35,0.0
upwards,0.6666666666666666,80.0,62203575953677,1.0,1.0,0.0,3683.0,35,12-13-2023,6,35,1.0
upwards,0.6666666666666666,80.0,522422957754744,0.0,-5.0,0.0,816.0,35,12-13-2023,6,35,0.0
upwards,0.6666666666666666,80.0,412988440886966,0.0,-10.0,0.0,1576.0,35,12-13-2023,6,35,0.0
upwards,0.6666666666666666,80.0,124488921666747,1.0,-7.0,0.0,1054.0,35,12-13-2023,6,35,1.0
upwards,0.6666666666666666,80.0,595372328101249,1.0,0.0,0.0,892.0,35,12-13-2023,6,35,1.0
upwards,0.6666666666666666,81.0,234112116928278,0.0,-13.0,0.0,1382.0,35,12-13-2023,6,35,0.0
upwards,0.6666666666666666,81.0,62203575953677,1.0,2.0,0.0,1295.0,35,12-13-2023,6,35,1.0
upwards,0.6666666666666666,81.0,522422957754744,1.0,-4.0,0.0,1483.0,35,12-13-2023,6,35,1.0
upwards,0.6666666666666666,81.0,412988440886966,1.0,-9.0,0.0,1187.0,35,12-13-2023,6,35,1.0
upwards,0.6666666666666666,81.0,124488921666747,0.0,-7.0,0.0,1431.0,35,12-13-2023,6,35,0.0
upwards,0.6666666666666666,81.0,595372328101249,1.0,1.0,0.0,895.0,35,12-13-2023,6,35,1.0
upwards,0.6666666666666666,82.0,234112116928278,1.0,-14.0,0.0,658.0,35,12-13-2023,6,35,1.0
upwards,0.6666666666666666,82.0,62203575953677,0.0,2.0,0.0,1443.0,35,12-13-2023,6,35,0.0
upwards,0.6666666666666666,82.0,522422957754744,1.0,-5.0,0.0,1244.0,35,12-13-2023,6,35,1.0
upwards,0.6666666666666666,82.0,412988440886966,1.0,-10.0,0.0,938.0,35,12-13-2023,6,35,1.0
upwards,0.6666666666666666,82.0,124488921666747,1.0,-8.0,0.0,1383.0,35,12-13-2023,6,35,1.0
upwards,0.6666666666666666,82.0,595372328101249,1.0,0.0,0.0,1585.0,35,12-13-2023,6,35,1.0
upwards,0.6666666666666666,83.0,234112116928278,1.0,-13.0,0.0,686.0,35,12-13-2023,6,35,1.0
upwards,0.6666666666666666,83.0,62203575953677,0.0,2.0,0.0,2188.0,35,12-13-2023,6,35,0.0
upwards,0.6666666666666666,83.0,522422957754744,1.0,-4.0,0.0,1234.0,35,12-13-2023,6,35,1.0
upwards,0.6666666666666666,83.0,412988440886966,0.0,-10.0,0.0,1133.0,35,12-13-2023,6,35,0.0
upwards,0.6666666666666666,83.0,124488921666747,0.0,-8.0,0.0,993.0,35,12-13-2023,6,35,0.0
upwards,0.6666666666666666,83.0,595372328101249,0.0,0.0,0.0,1776.0,35,12-13-2023,6,35,0.0
upwards,0.6666666666666666,84.0,234112116928278,1.0,-12.0,0.0,1121.0,35,12-13-2023,6,35,1.0
upwards,0.6666666666666666,84.0,62203575953677,1.0,3.0,0.0,969.0,35,12-13-2023,6,35,1.0
upwards,0.6666666666666666,84.0,522422957754744,0.0,-4.0,0.0,1857.0,35,12-13-2023,6,35,0.0
upwards,0.6666666666666666,84.0,412988440886966,1.0,-9.0,0.0,752.0,35,12-13-2023,6,35,1.0
upwards,0.6666666666666666,84.0,124488921666747,0.0,-8.0,0.0,918.0,35,12-13-2023,6,35,0.0
upwards,0.6666666666666666,84.0,595372328101249,1.0,1.0,0.0,1375.0,35,12-13-2023,6,35,1.0
upwards,0.6666666666666666,85.0,234112116928278,0.0,-12.0,0.0,3048.0,35,12-13-2023,6,35,0.0
upwards,0.6666666666666666,85.0,62203575953677,0.0,3.0,0.0,1645.0,35,12-13-2023,6,35,0.0
upwards,0.6666666666666666,85.0,522422957754744,1.0,-3.0,0.0,1969.0,35,12-13-2023,6,35,1.0
upwards,0.6666666666666666,85.0,412988440886966,1.0,-8.0,0.0,1230.0,35,12-13-2023,6,35,1.0
upwards,0.6666666666666666,85.0,124488921666747,1.0,-7.0,0.0,1625.0,35,12-13-2023,6,35,1.0
upwards,0.6666666666666666,85.0,595372328101249,1.0,2.0,0.0,1331.0,35,12-13-2023,6,35,1.0
upwards,0.6666666666666666,86.0,234112116928278,0.0,-12.0,0.0,2300.0,35,12-13-2023,6,35,0.0
upwards,0.6666666666666666,86.0,62203575953677,0.0,3.0,0.0,3470.0,35,12-13-2023,6,35,0.0
upwards,0.6666666666666666,86.0,522422957754744,1.0,-2.0,0.0,1127.0,35,12-13-2023,6,35,1.0
upwards,0.6666666666666666,86.0,412988440886966,1.0,-7.0,0.0,838.0,35,12-13-2023,6,35,1.0
upwards,0.6666666666666666,86.0,124488921666747,0.0,-7.0,0.0,1276.0,35,12-13-2023,6,35,0.0
upwards,0.6666666666666666,86.0,595372328101249,1.0,3.0,0.0,1141.0,35,12-13-2023,6,35,1.0
upwards,0.6666666666666666,87.0,234112116928278,0.0,-12.0,0.0,868.0,35,12-13-2023,6,35,0.0
upwards,0.6666666666666666,87.0,62203575953677,1.0,4.0,0.0,1000.0,35,12-13-2023,6,35,1.0
upwards,0.6666666666666666,87.0,522422957754744,1.0,-1.0,0.0,1399.0,35,12-13-2023,6,35,1.0
upwards,0.6666666666666666,87.0,412988440886966,0.0,-7.0,0.0,883.0,35,12-13-2023,6,35,0.0
upwards,0.6666666666666666,87.0,124488921666747,1.0,-6.0,0.0,1752.0,35,12-13-2023,6,35,1.0
upwards,0.6666666666666666,87.0,595372328101249,1.0,4.0,0.0,1068.0,35,12-13-2023,6,35,1.0
upwards,0.6666666666666666,88.0,234112116928278,1.0,-13.0,0.0,616.0,35,12-13-2023,6,35,1.0
upwards,0.6666666666666666,88.0,62203575953677,1.0,3.0,0.0,1382.0,35,12-13-2023,6,35,1.0
upwards,0.6666666666666666,88.0,522422957754744,1.0,-2.0,0.0,1246.0,35,12-13-2023,6,35,1.0
upwards,0.6666666666666666,88.0,412988440886966,1.0,-8.0,0.0,890.0,35,12-13-2023,6,35,1.0
upwards,0.6666666666666666,88.0,124488921666747,0.0,-6.0,0.0,1098.0,35,12-13-2023,6,35,0.0
upwards,0.6666666666666666,88.0,595372328101249,1.0,3.0,0.0,1001.0,35,12-13-2023,6,35,1.0
upwards,0.6666666666666666,89.0,234112116928278,1.0,-12.0,0.0,916.0,35,12-13-2023,6,35,1.0
upwards,0.6666666666666666,89.0,62203575953677,1.0,4.0,0.0,3533.0,35,12-13-2023,6,35,1.0
upwards,0.6666666666666666,89.0,522422957754744,1.0,-1.0,0.0,1967.0,35,12-13-2023,6,35,1.0
upwards,0.6666666666666666,89.0,412988440886966,0.0,-8.0,0.0,941.0,35,12-13-2023,6,35,0.0
upwards,0.6666666666666666,89.0,124488921666747,0.0,-6.0,0.0,1051.0,35,12-13-2023,6,35,0.0
upwards,0.6666666666666666,89.0,595372328101249,0.0,3.0,0.0,684.0,35,12-13-2023,6,35,0.0
upwards,0.6666666666666666,90.0,234112116928278,1.0,-11.0,0.0,725.0,35,12-13-2023,6,35,1.0
upwards,0.6666666666666666,90.0,62203575953677,0.0,4.0,0.0,1313.0,35,12-13-2023,6,35,0.0
upwards,0.6666666666666666,90.0,522422957754744,0.0,-1.0,0.0,1283.0,35,12-13-2023,6,35,0.0
upwards,0.6666666666666666,90.0,412988440886966,0.0,-8.0,0.0,841.0,35,12-13-2023,6,35,0.0
upwards,0.6666666666666666,90.0,124488921666747,0.0,-6.0,0.0,1089.0,35,12-13-2023,6,35,0.0
upwards,0.6666666666666666,90.0,595372328101249,1.0,4.0,0.0,1120.0,35,12-13-2023,6,35,1.0
upwards,0.3333333333333333,1.0,115291459038236,1.0,-1.0,0.0,5349.0,40,12-13-2023,6,40,1.0
upwards,0.3333333333333333,1.0,287272872067602,1.0,-1.0,0.0,10112.0,40,12-13-2023,6,40,1.0
upwards,0.3333333333333333,1.0,847478337440747,1.0,-1.0,0.0,4800.0,40,12-13-2023,6,40,1.0
upwards,0.3333333333333333,1.0,740670552279537,1.0,-1.0,0.0,3885.0,40,12-13-2023,6,40,1.0
upwards,0.3333333333333333,1.0,732292546033116,0.0,0.0,0.0,5803.0,40,12-13-2023,6,40,0.0
upwards,0.3333333333333333,1.0,601345694913618,1.0,-1.0,0.0,2714.0,40,12-13-2023,6,40,1.0
upwards,0.3333333333333333,2.0,115291459038236,1.0,-2.0,0.0,2136.0,40,12-13-2023,6,40,1.0
upwards,0.3333333333333333,2.0,287272872067602,1.0,-2.0,0.0,7736.0,40,12-13-2023,6,40,1.0
upwards,0.3333333333333333,2.0,847478337440747,0.0,-1.0,0.0,3137.0,40,12-13-2023,6,40,0.0
upwards,0.3333333333333333,2.0,740670552279537,1.0,-2.0,0.0,1589.0,40,12-13-2023,6,40,1.0
upwards,0.3333333333333333,2.0,732292546033116,1.0,-1.0,0.0,1547.0,40,12-13-2023,6,40,1.0
upwards,0.3333333333333333,2.0,601345694913618,1.0,-2.0,0.0,2087.0,40,12-13-2023,6,40,1.0
upwards,0.3333333333333333,3.0,115291459038236,0.0,-2.0,0.0,894.0,40,12-13-2023,6,40,0.0
upwards,0.3333333333333333,3.0,287272872067602,0.0,-2.0,0.0,5039.0,40,12-13-2023,6,40,0.0
upwards,0.3333333333333333,3.0,847478337440747,1.0,0.0,0.0,2673.0,40,12-13-2023,6,40,1.0
upwards,0.3333333333333333,3.0,740670552279537,0.0,-2.0,0.0,3941.0,40,12-13-2023,6,40,0.0
upwards,0.3333333333333333,3.0,732292546033116,1.0,0.0,0.0,1261.0,40,12-13-2023,6,40,1.0
upwards,0.3333333333333333,3.0,601345694913618,0.0,-2.0,0.0,1858.0,40,12-13-2023,6,40,0.0
upwards,0.3333333333333333,4.0,115291459038236,0.0,-2.0,0.0,1031.0,40,12-13-2023,6,40,0.0
upwards,0.3333333333333333,4.0,287272872067602,0.0,-2.0,0.0,1583.0,40,12-13-2023,6,40,0.0
upwards,0.3333333333333333,4.0,847478337440747,1.0,-1.0,0.0,1671.0,40,12-13-2023,6,40,1.0
upwards,0.3333333333333333,4.0,740670552279537,1.0,-3.0,0.0,1760.0,40,12-13-2023,6,40,1.0
upwards,0.3333333333333333,4.0,732292546033116,1.0,-1.0,0.0,590.0,40,12-13-2023,6,40,1.0
upwards,0.3333333333333333,4.0,601345694913618,1.0,-3.0,0.0,1436.0,40,12-13-2023,6,40,1.0
upwards,0.3333333333333333,5.0,115291459038236,0.0,-2.0,0.0,1037.0,40,12-13-2023,6,40,0.0
upwards,0.3333333333333333,5.0,287272872067602,1.0,-3.0,0.0,1588.0,40,12-13-2023,6,40,1.0
upwards,0.3333333333333333,5.0,847478337440747,1.0,-2.0,0.0,1398.0,40,12-13-2023,6,40,1.0
upwards,0.3333333333333333,5.0,740670552279537,1.0,-4.0,0.0,3167.0,40,12-13-2023,6,40,1.0
upwards,0.3333333333333333,5.0,732292546033116,0.0,-1.0,0.0,753.0,40,12-13-2023,6,40,0.0
upwards,0.3333333333333333,5.0,601345694913618,1.0,-4.0,0.0,1141.0,40,12-13-2023,6,40,1.0
upwards,0.3333333333333333,6.0,115291459038236,1.0,-3.0,0.0,989.0,40,12-13-2023,6,40,1.0
upwards,0.3333333333333333,6.0,287272872067602,1.0,-4.0,0.0,1572.0,40,12-13-2023,6,40,1.0
upwards,0.3333333333333333,6.0,847478337440747,0.0,-2.0,0.0,2017.0,40,12-13-2023,6,40,0.0
upwards,0.3333333333333333,6.0,740670552279537,0.0,-4.0,0.0,1585.0,40,12-13-2023,6,40,0.0
upwards,0.3333333333333333,6.0,732292546033116,1.0,-2.0,0.0,750.0,40,12-13-2023,6,40,1.0
upwards,0.3333333333333333,6.0,601345694913618,1.0,-5.0,0.0,2495.0,40,12-13-2023,6,40,1.0
upwards,0.3333333333333333,7.0,115291459038236,0.0,-3.0,0.0,866.0,40,12-13-2023,6,40,0.0
upwards,0.3333333333333333,7.0,287272872067602,1.0,-3.0,0.0,911.0,40,12-13-2023,6,40,1.0
upwards,0.3333333333333333,7.0,847478337440747,0.0,-2.0,0.0,2618.0,40,12-13-2023,6,40,0.0
upwards,0.3333333333333333,7.0,740670552279537,1.0,-3.0,0.0,1659.0,40,12-13-2023,6,40,1.0
upwards,0.3333333333333333,7.0,732292546033116,0.0,-2.0,0.0,948.0,40,12-13-2023,6,40,0.0
upwards,0.3333333333333333,7.0,601345694913618,0.0,-5.0,0.0,1561.0,40,12-13-2023,6,40,0.0
upwards,0.3333333333333333,8.0,115291459038236,1.0,-4.0,0.0,793.0,40,12-13-2023,6,40,1.0
upwards,0.3333333333333333,8.0,287272872067602,1.0,-4.0,0.0,1738.0,40,12-13-2023,6,40,1.0
upwards,0.3333333333333333,8.0,847478337440747,1.0,-3.0,0.0,1262.0,40,12-13-2023,6,40,1.0
upwards,0.3333333333333333,8.0,740670552279537,0.0,-3.0,0.0,1408.0,40,12-13-2023,6,40,0.0
upwards,0.3333333333333333,8.0,732292546033116,1.0,-3.0,0.0,743.0,40,12-13-2023,6,40,1.0
upwards,0.3333333333333333,8.0,601345694913618,1.0,-6.0,0.0,1256.0,40,12-13-2023,6,40,1.0
upwards,0.3333333333333333,9.0,115291459038236,1.0,-5.0,0.0,832.0,40,12-13-2023,6,40,1.0
upwards,0.3333333333333333,9.0,287272872067602,1.0,-5.0,0.0,6142.0,40,12-13-2023,6,40,1.0
upwards,0.3333333333333333,9.0,847478337440747,0.0,-3.0,0.0,1209.0,40,12-13-2023,6,40,0.0
upwards,0.3333333333333333,9.0,740670552279537,1.0,-4.0,0.0,1067.0,40,12-13-2023,6,40,1.0
upwards,0.3333333333333333,9.0,732292546033116,1.0,-4.0,0.0,781.0,40,12-13-2023,6,40,1.0
upwards,0.3333333333333333,9.0,601345694913618,0.0,-6.0,0.0,1136.0,40,12-13-2023,6,40,0.0
upwards,0.3333333333333333,10.0,115291459038236,0.0,-5.0,0.0,896.0,40,12-13-2023,6,40,0.0
upwards,0.3333333333333333,10.0,287272872067602,1.0,-6.0,0.0,1397.0,40,12-13-2023,6,40,1.0
upwards,0.3333333333333333,10.0,847478337440747,1.0,-4.0,0.0,1013.0,40,12-13-2023,6,40,1.0
upwards,0.3333333333333333,10.0,740670552279537,1.0,-5.0,0.0,1221.0,40,12-13-2023,6,40,1.0
upwards,0.3333333333333333,10.0,732292546033116,0.0,-4.0,0.0,591.0,40,12-13-2023,6,40,0.0
upwards,0.3333333333333333,10.0,601345694913618,0.0,-6.0,0.0,1867.0,40,12-13-2023,6,40,0.0
upwards,0.3333333333333333,11.0,115291459038236,0.0,-5.0,0.0,488.0,40,12-13-2023,6,40,0.0
upwards,0.3333333333333333,11.0,287272872067602,1.0,-5.0,0.0,1130.0,40,12-13-2023,6,40,1.0
upwards,0.3333333333333333,11.0,847478337440747,0.0,-4.0,0.0,1286.0,40,12-13-2023,6,40,0.0
upwards,0.3333333333333333,11.0,740670552279537,0.0,-5.0,0.0,1065.0,40,12-13-2023,6,40,0.0
upwards,0.3333333333333333,11.0,732292546033116,1.0,-3.0,0.0,767.0,40,12-13-2023,6,40,1.0
upwards,0.3333333333333333,11.0,601345694913618,0.0,-6.0,0.0,1576.0,40,12-13-2023,6,40,0.0
upwards,0.3333333333333333,12.0,115291459038236,0.0,-5.0,0.0,913.0,40,12-13-2023,6,40,0.0
upwards,0.3333333333333333,12.0,287272872067602,1.0,-6.0,0.0,1690.0,40,12-13-2023,6,40,1.0
upwards,0.3333333333333333,12.0,847478337440747,0.0,-4.0,0.0,1242.0,40,12-13-2023,6,40,0.0
upwards,0.3333333333333333,12.0,740670552279537,1.0,-6.0,0.0,1208.0,40,12-13-2023,6,40,1.0
upwards,0.3333333333333333,12.0,732292546033116,1.0,-4.0,0.0,518.0,40,12-13-2023,6,40,1.0
upwards,0.3333333333333333,12.0,601345694913618,1.0,-7.0,0.0,1326.0,40,12-13-2023,6,40,1.0
upwards,0.3333333333333333,13.0,115291459038236,0.0,-5.0,0.0,944.0,40,12-13-2023,6,40,0.0
upwards,0.3333333333333333,13.0,287272872067602,1.0,-7.0,0.0,1318.0,40,12-13-2023,6,40,1.0
upwards,0.3333333333333333,13.0,847478337440747,1.0,-5.0,0.0,1074.0,40,12-13-2023,6,40,1.0
upwards,0.3333333333333333,13.0,740670552279537,1.0,-7.0,0.0,1172.0,40,12-13-2023,6,40,1.0
upwards,0.3333333333333333,13.0,732292546033116,1.0,-5.0,0.0,844.0,40,12-13-2023,6,40,1.0
upwards,0.3333333333333333,13.0,601345694913618,0.0,-7.0,0.0,1468.0,40,12-13-2023,6,40,0.0
upwards,0.3333333333333333,14.0,115291459038236,0.0,-5.0,0.0,507.0,40,12-13-2023,6,40,0.0
upwards,0.3333333333333333,14.0,287272872067602,1.0,-6.0,0.0,1789.0,40,12-13-2023,6,40,1.0
upwards,0.3333333333333333,14.0,847478337440747,1.0,-4.0,0.0,1345.0,40,12-13-2023,6,40,1.0
upwards,0.3333333333333333,14.0,740670552279537,0.0,-7.0,0.0,1163.0,40,12-13-2023,6,40,0.0
upwards,0.3333333333333333,14.0,732292546033116,0.0,-5.0,0.0,1505.0,40,12-13-2023,6,40,0.0
upwards,0.3333333333333333,14.0,601345694913618,0.0,-7.0,0.0,1466.0,40,12-13-2023,6,40,0.0
upwards,0.3333333333333333,15.0,115291459038236,0.0,-5.0,0.0,982.0,40,12-13-2023,6,40,0.0
upwards,0.3333333333333333,15.0,287272872067602,0.0,-6.0,0.0,1774.0,40,12-13-2023,6,40,0.0
upwards,0.3333333333333333,15.0,847478337440747,1.0,-3.0,0.0,726.0,40,12-13-2023,6,40,1.0
upwards,0.3333333333333333,15.0,740670552279537,0.0,-7.0,0.0,1118.0,40,12-13-2023,6,40,0.0
upwards,0.3333333333333333,15.0,732292546033116,0.0,-5.0,0.0,6450.0,40,12-13-2023,6,40,0.0
upwards,0.3333333333333333,15.0,601345694913618,1.0,-6.0,0.0,1239.0,40,12-13-2023,6,40,1.0
upwards,0.3333333333333333,16.0,115291459038236,1.0,-6.0,0.0,985.0,40,12-13-2023,6,40,1.0
upwards,0.3333333333333333,16.0,287272872067602,0.0,-6.0,0.0,1277.0,40,12-13-2023,6,40,0.0
upwards,0.3333333333333333,16.0,847478337440747,1.0,-4.0,0.0,884.0,40,12-13-2023,6,40,1.0
upwards,0.3333333333333333,16.0,740670552279537,0.0,-7.0,0.0,1519.0,40,12-13-2023,6,40,0.0
upwards,0.3333333333333333,16.0,732292546033116,1.0,-6.0,0.0,943.0,40,12-13-2023,6,40,1.0
upwards,0.3333333333333333,16.0,601345694913618,0.0,-6.0,0.0,1023.0,40,12-13-2023,6,40,0.0
upwards,0.3333333333333333,17.0,115291459038236,0.0,-6.0,0.0,927.0,40,12-13-2023,6,40,0.0
upwards,0.3333333333333333,17.0,287272872067602,0.0,-6.0,0.0,2215.0,40,12-13-2023,6,40,0.0
upwards,0.3333333333333333,17.0,847478337440747,1.0,-5.0,0.0,927.0,40,12-13-2023,6,40,1.0
upwards,0.3333333333333333,17.0,740670552279537,1.0,-8.0,0.0,1143.0,40,12-13-2023,6,40,1.0
upwards,0.3333333333333333,17.0,732292546033116,1.0,-7.0,0.0,981.0,40,12-13-2023,6,40,1.0
upwards,0.3333333333333333,17.0,601345694913618,0.0,-6.0,0.0,3042.0,40,12-13-2023,6,40,0.0
upwards,0.3333333333333333,18.0,115291459038236,0.0,-6.0,0.0,654.0,40,12-13-2023,6,40,0.0
upwards,0.3333333333333333,18.0,287272872067602,1.0,-5.0,0.0,1415.0,40,12-13-2023,6,40,1.0
upwards,0.3333333333333333,18.0,847478337440747,1.0,-4.0,0.0,960.0,40,12-13-2023,6,40,1.0
upwards,0.3333333333333333,18.0,740670552279537,0.0,-8.0,0.0,935.0,40,12-13-2023,6,40,0.0
upwards,0.3333333333333333,18.0,732292546033116,0.0,-7.0,0.0,639.0,40,12-13-2023,6,40,0.0
upwards,0.3333333333333333,18.0,601345694913618,0.0,-6.0,0.0,1415.0,40,12-13-2023,6,40,0.0
upwards,0.3333333333333333,19.0,115291459038236,1.0,-7.0,0.0,691.0,40,12-13-2023,6,40,1.0
upwards,0.3333333333333333,19.0,287272872067602,0.0,-5.0,0.0,1881.0,40,12-13-2023,6,40,0.0
upwards,0.3333333333333333,19.0,847478337440747,0.0,-4.0,0.0,1533.0,40,12-13-2023,6,40,0.0
upwards,0.3333333333333333,19.0,740670552279537,0.0,-8.0,0.0,1051.0,40,12-13-2023,6,40,0.0
upwards,0.3333333333333333,19.0,732292546033116,1.0,-8.0,0.0,1073.0,40,12-13-2023,6,40,1.0
upwards,0.3333333333333333,19.0,601345694913618,1.0,-7.0,0.0,1788.0,40,12-13-2023,6,40,1.0
upwards,0.3333333333333333,20.0,115291459038236,0.0,-7.0,0.0,1031.0,40,12-13-2023,6,40,0.0
upwards,0.3333333333333333,20.0,287272872067602,1.0,-4.0,0.0,6658.0,40,12-13-2023,6,40,1.0
upwards,0.3333333333333333,20.0,847478337440747,1.0,-3.0,0.0,949.0,40,12-13-2023,6,40,1.0
upwards,0.3333333333333333,20.0,740670552279537,0.0,-8.0,0.0,1083.0,40,12-13-2023,6,40,0.0
upwards,0.3333333333333333,20.0,732292546033116,0.0,-8.0,0.0,862.0,40,12-13-2023,6,40,0.0
upwards,0.3333333333333333,20.0,601345694913618,0.0,-7.0,0.0,1281.0,40,12-13-2023,6,40,0.0
upwards,0.3333333333333333,21.0,115291459038236,1.0,-8.0,0.0,665.0,40,12-13-2023,6,40,1.0
upwards,0.3333333333333333,21.0,287272872067602,0.0,-4.0,0.0,2698.0,40,12-13-2023,6,40,0.0
upwards,0.3333333333333333,21.0,847478337440747,1.0,-4.0,0.0,824.0,40,12-13-2023,6,40,1.0
upwards,0.3333333333333333,21.0,740670552279537,1.0,-9.0,0.0,1533.0,40,12-13-2023,6,40,1.0
upwards,0.3333333333333333,21.0,732292546033116,1.0,-9.0,0.0,797.0,40,12-13-2023,6,40,1.0
upwards,0.3333333333333333,21.0,601345694913618,0.0,-7.0,0.0,1915.0,40,12-13-2023,6,40,0.0
upwards,0.3333333333333333,22.0,115291459038236,0.0,-8.0,0.0,1032.0,40,12-13-2023,6,40,0.0
upwards,0.3333333333333333,22.0,287272872067602,0.0,-4.0,0.0,848.0,40,12-13-2023,6,40,0.0
upwards,0.3333333333333333,22.0,847478337440747,0.0,-4.0,0.0,1518.0,40,12-13-2023,6,40,0.0
upwards,0.3333333333333333,22.0,740670552279537,0.0,-9.0,0.0,1234.0,40,12-13-2023,6,40,0.0
upwards,0.3333333333333333,22.0,732292546033116,0.0,-9.0,0.0,725.0,40,12-13-2023,6,40,0.0
upwards,0.3333333333333333,22.0,601345694913618,0.0,-7.0,0.0,1985.0,40,12-13-2023,6,40,0.0
upwards,0.3333333333333333,23.0,115291459038236,1.0,-9.0,0.0,1111.0,40,12-13-2023,6,40,1.0
upwards,0.3333333333333333,23.0,287272872067602,0.0,-4.0,0.0,1187.0,40,12-13-2023,6,40,0.0
upwards,0.3333333333333333,23.0,847478337440747,1.0,-5.0,0.0,663.0,40,12-13-2023,6,40,1.0
upwards,0.3333333333333333,23.0,740670552279537,0.0,-9.0,0.0,1049.0,40,12-13-2023,6,40,0.0
upwards,0.3333333333333333,23.0,732292546033116,1.0,-10.0,0.0,985.0,40,12-13-2023,6,40,1.0
upwards,0.3333333333333333,23.0,601345694913618,0.0,-7.0,0.0,1149.0,40,12-13-2023,6,40,0.0
upwards,0.3333333333333333,24.0,115291459038236,1.0,-8.0,0.0,999.0,40,12-13-2023,6,40,1.0
upwards,0.3333333333333333,24.0,287272872067602,0.0,-4.0,0.0,1082.0,40,12-13-2023,6,40,0.0
upwards,0.3333333333333333,24.0,847478337440747,0.0,-5.0,0.0,2053.0,40,12-13-2023,6,40,0.0
upwards,0.3333333333333333,24.0,740670552279537,1.0,-8.0,0.0,863.0,40,12-13-2023,6,40,1.0
upwards,0.3333333333333333,24.0,732292546033116,0.0,-10.0,0.0,874.0,40,12-13-2023,6,40,0.0
upwards,0.3333333333333333,24.0,601345694913618,0.0,-7.0,0.0,1266.0,40,12-13-2023,6,40,0.0
upwards,0.3333333333333333,25.0,115291459038236,0.0,-8.0,0.0,989.0,40,12-13-2023,6,40,0.0
upwards,0.3333333333333333,25.0,287272872067602,1.0,-5.0,0.0,974.0,40,12-13-2023,6,40,1.0
upwards,0.3333333333333333,25.0,847478337440747,0.0,-5.0,0.0,1170.0,40,12-13-2023,6,40,0.0
upwards,0.3333333333333333,25.0,740670552279537,0.0,-8.0,0.0,961.0,40,12-13-2023,6,40,0.0
upwards,0.3333333333333333,25.0,732292546033116,1.0,-11.0,0.0,1381.0,40,12-13-2023,6,40,1.0
upwards,0.3333333333333333,25.0,601345694913618,1.0,-8.0,0.0,1321.0,40,12-13-2023,6,40,1.0
upwards,0.3333333333333333,26.0,115291459038236,0.0,-8.0,0.0,752.0,40,12-13-2023,6,40,0.0
upwards,0.3333333333333333,26.0,287272872067602,0.0,-5.0,0.0,1306.0,40,12-13-2023,6,40,0.0
upwards,0.3333333333333333,26.0,847478337440747,1.0,-4.0,0.0,767.0,40,12-13-2023,6,40,1.0
upwards,0.3333333333333333,26.0,740670552279537,0.0,-8.0,0.0,850.0,40,12-13-2023,6,40,0.0
upwards,0.3333333333333333,26.0,732292546033116,0.0,-11.0,0.0,785.0,40,12-13-2023,6,40,0.0
upwards,0.3333333333333333,26.0,601345694913618,1.0,-7.0,0.0,1292.0,40,12-13-2023,6,40,1.0
upwards,0.3333333333333333,27.0,115291459038236,0.0,-8.0,0.0,695.0,40,12-13-2023,6,40,0.0
upwards,0.3333333333333333,27.0,287272872067602,0.0,-5.0,0.0,1073.0,40,12-13-2023,6,40,0.0
upwards,0.3333333333333333,27.0,847478337440747,1.0,-3.0,0.0,994.0,40,12-13-2023,6,40,1.0
upwards,0.3333333333333333,27.0,740670552279537,0.0,-8.0,0.0,891.0,40,12-13-2023,6,40,0.0
upwards,0.3333333333333333,27.0,732292546033116,0.0,-11.0,0.0,652.0,40,12-13-2023,6,40,0.0
upwards,0.3333333333333333,27.0,601345694913618,0.0,-7.0,0.0,1587.0,40,12-13-2023,6,40,0.0
upwards,0.3333333333333333,28.0,115291459038236,1.0,-9.0,0.0,1273.0,40,12-13-2023,6,40,1.0
upwards,0.3333333333333333,28.0,287272872067602,1.0,-6.0,0.0,1127.0,40,12-13-2023,6,40,1.0
upwards,0.3333333333333333,28.0,847478337440747,1.0,-4.0,0.0,568.0,40,12-13-2023,6,40,1.0
upwards,0.3333333333333333,28.0,740670552279537,1.0,-9.0,0.0,852.0,40,12-13-2023,6,40,1.0
upwards,0.3333333333333333,28.0,732292546033116,0.0,-11.0,0.0,676.0,40,12-13-2023,6,40,0.0
upwards,0.3333333333333333,28.0,601345694913618,1.0,-8.0,0.0,1097.0,40,12-13-2023,6,40,1.0
upwards,0.3333333333333333,29.0,115291459038236,0.0,-9.0,0.0,635.0,40,12-13-2023,6,40,0.0
upwards,0.3333333333333333,29.0,287272872067602,0.0,-6.0,0.0,1380.0,40,12-13-2023,6,40,0.0
upwards,0.3333333333333333,29.0,847478337440747,1.0,-3.0,0.0,667.0,40,12-13-2023,6,40,1.0
upwards,0.3333333333333333,29.0,740670552279537,0.0,-9.0,0.0,953.0,40,12-13-2023,6,40,0.0
upwards,0.3333333333333333,29.0,732292546033116,0.0,-11.0,0.0,1680.0,40,12-13-2023,6,40,0.0
upwards,0.3333333333333333,29.0,601345694913618,0.0,-8.0,0.0,888.0,40,12-13-2023,6,40,0.0
upwards,0.3333333333333333,30.0,115291459038236,0.0,-9.0,0.0,832.0,40,12-13-2023,6,40,0.0
upwards,0.3333333333333333,30.0,287272872067602,0.0,-6.0,0.0,1221.0,40,12-13-2023,6,40,0.0
upwards,0.3333333333333333,30.0,847478337440747,1.0,-2.0,0.0,734.0,40,12-13-2023,6,40,1.0
upwards,0.3333333333333333,30.0,740670552279537,0.0,-9.0,0.0,921.0,40,12-13-2023,6,40,0.0
upwards,0.3333333333333333,30.0,732292546033116,1.0,-10.0,0.0,830.0,40,12-13-2023,6,40,1.0
upwards,0.3333333333333333,30.0,601345694913618,0.0,-8.0,0.0,966.0,40,12-13-2023,6,40,0.0
upwards,0.5,31.0,115291459038236,1.0,-10.0,0.0,1562.0,40,12-13-2023,6,40,1.0
upwards,0.5,31.0,287272872067602,1.0,-7.0,0.0,2054.0,40,12-13-2023,6,40,1.0
upwards,0.5,31.0,847478337440747,1.0,-3.0,0.0,1141.0,40,12-13-2023,6,40,1.0
upwards,0.5,31.0,740670552279537,0.0,-9.0,0.0,2450.0,40,12-13-2023,6,40,0.0
upwards,0.5,31.0,732292546033116,1.0,-11.0,0.0,1366.0,40,12-13-2023,6,40,1.0
upwards,0.5,31.0,601345694913618,0.0,-8.0,0.0,1407.0,40,12-13-2023,6,40,0.0
upwards,0.5,32.0,115291459038236,1.0,-9.0,0.0,1014.0,40,12-13-2023,6,40,1.0
upwards,0.5,32.0,287272872067602,0.0,-7.0,0.0,1124.0,40,12-13-2023,6,40,0.0
upwards,0.5,32.0,847478337440747,1.0,-2.0,0.0,959.0,40,12-13-2023,6,40,1.0
upwards,0.5,32.0,740670552279537,0.0,-9.0,0.0,1541.0,40,12-13-2023,6,40,0.0
upwards,0.5,32.0,732292546033116,0.0,-11.0,0.0,612.0,40,12-13-2023,6,40,0.0
upwards,0.5,32.0,601345694913618,0.0,-8.0,0.0,1291.0,40,12-13-2023,6,40,0.0
upwards,0.5,33.0,115291459038236,0.0,-9.0,0.0,879.0,40,12-13-2023,6,40,0.0
upwards,0.5,33.0,287272872067602,1.0,-6.0,0.0,1019.0,40,12-13-2023,6,40,1.0
upwards,0.5,33.0,847478337440747,0.0,-2.0,0.0,1466.0,40,12-13-2023,6,40,0.0
upwards,0.5,33.0,740670552279537,1.0,-8.0,0.0,838.0,40,12-13-2023,6,40,1.0
upwards,0.5,33.0,732292546033116,1.0,-10.0,0.0,1109.0,40,12-13-2023,6,40,1.0
upwards,0.5,33.0,601345694913618,0.0,-8.0,0.0,1057.0,40,12-13-2023,6,40,0.0
upwards,0.5,34.0,115291459038236,0.0,-9.0,0.0,1530.0,40,12-13-2023,6,40,0.0
upwards,0.5,34.0,287272872067602,0.0,-6.0,0.0,1238.0,40,12-13-2023,6,40,0.0
upwards,0.5,34.0,847478337440747,1.0,-3.0,0.0,570.0,40,12-13-2023,6,40,1.0
upwards,0.5,34.0,740670552279537,1.0,-9.0,0.0,1077.0,40,12-13-2023,6,40,1.0
upwards,0.5,34.0,732292546033116,1.0,-11.0,0.0,858.0,40,12-13-2023,6,40,1.0
upwards,0.5,34.0,601345694913618,1.0,-9.0,0.0,1889.0,40,12-13-2023,6,40,1.0
upwards,0.5,35.0,115291459038236,1.0,-8.0,0.0,934.0,40,12-13-2023,6,40,1.0
upwards,0.5,35.0,287272872067602,0.0,-6.0,0.0,1369.0,40,12-13-2023,6,40,0.0
upwards,0.5,35.0,847478337440747,0.0,-3.0,0.0,1273.0,40,12-13-2023,6,40,0.0
upwards,0.5,35.0,740670552279537,0.0,-9.0,0.0,922.0,40,12-13-2023,6,40,0.0
upwards,0.5,35.0,732292546033116,1.0,-10.0,0.0,768.0,40,12-13-2023,6,40,1.0
upwards,0.5,35.0,601345694913618,1.0,-8.0,0.0,3245.0,40,12-13-2023,6,40,1.0
upwards,0.5,36.0,115291459038236,0.0,-8.0,0.0,850.0,40,12-13-2023,6,40,0.0
upwards,0.5,36.0,287272872067602,0.0,-6.0,0.0,952.0,40,12-13-2023,6,40,0.0
upwards,0.5,36.0,847478337440747,1.0,-2.0,0.0,1317.0,40,12-13-2023,6,40,1.0
upwards,0.5,36.0,740670552279537,0.0,-9.0,0.0,783.0,40,12-13-2023,6,40,0.0
upwards,0.5,36.0,732292546033116,1.0,-9.0,0.0,1076.0,40,12-13-2023,6,40,1.0
upwards,0.5,36.0,601345694913618,0.0,-8.0,0.0,1262.0,40,12-13-2023,6,40,0.0
upwards,0.5,37.0,115291459038236,0.0,-8.0,0.0,917.0,40,12-13-2023,6,40,0.0
upwards,0.5,37.0,287272872067602,1.0,-7.0,0.0,1376.0,40,12-13-2023,6,40,1.0
upwards,0.5,37.0,847478337440747,1.0,-3.0,0.0,786.0,40,12-13-2023,6,40,1.0
upwards,0.5,37.0,740670552279537,1.0,-10.0,0.0,1116.0,40,12-13-2023,6,40,1.0
upwards,0.5,37.0,732292546033116,1.0,-10.0,0.0,864.0,40,12-13-2023,6,40,1.0
upwards,0.5,37.0,601345694913618,0.0,-8.0,0.0,1038.0,40,12-13-2023,6,40,0.0
upwards,0.5,38.0,115291459038236,0.0,-8.0,0.0,928.0,40,12-13-2023,6,40,0.0
upwards,0.5,38.0,287272872067602,0.0,-7.0,0.0,1078.0,40,12-13-2023,6,40,0.0
upwards,0.5,38.0,847478337440747,0.0,-3.0,0.0,1384.0,40,12-13-2023,6,40,0.0
upwards,0.5,38.0,740670552279537,0.0,-10.0,0.0,1025.0,40,12-13-2023,6,40,0.0
upwards,0.5,38.0,732292546033116,0.0,-10.0,0.0,668.0,40,12-13-2023,6,40,0.0
upwards,0.5,38.0,601345694913618,0.0,-8.0,0.0,1116.0,40,12-13-2023,6,40,0.0
upwards,0.5,39.0,115291459038236,1.0,-7.0,0.0,982.0,40,12-13-2023,6,40,1.0
upwards,0.5,39.0,287272872067602,0.0,-7.0,0.0,1560.0,40,12-13-2023,6,40,0.0
upwards,0.5,39.0,847478337440747,0.0,-3.0,0.0,1112.0,40,12-13-2023,6,40,0.0
upwards,0.5,39.0,740670552279537,0.0,-10.0,0.0,588.0,40,12-13-2023,6,40,0.0
upwards,0.5,39.0,732292546033116,0.0,-10.0,0.0,687.0,40,12-13-2023,6,40,0.0
upwards,0.5,39.0,601345694913618,1.0,-7.0,0.0,1237.0,40,12-13-2023,6,40,1.0
upwards,0.5,40.0,115291459038236,0.0,-7.0,0.0,852.0,40,12-13-2023,6,40,0.0
upwards,0.5,40.0,287272872067602,0.0,-7.0,0.0,891.0,40,12-13-2023,6,40,0.0
upwards,0.5,40.0,847478337440747,1.0,-2.0,0.0,816.0,40,12-13-2023,6,40,1.0
upwards,0.5,40.0,740670552279537,0.0,-10.0,0.0,1268.0,40,12-13-2023,6,40,0.0
upwards,0.5,40.0,732292546033116,1.0,-9.0,0.0,664.0,40,12-13-2023,6,40,1.0
upwards,0.5,40.0,601345694913618,0.0,-7.0,0.0,919.0,40,12-13-2023,6,40,0.0
upwards,0.5,41.0,115291459038236,1.0,-6.0,0.0,642.0,40,12-13-2023,6,40,1.0
upwards,0.5,41.0,287272872067602,0.0,-7.0,0.0,1009.0,40,12-13-2023,6,40,0.0
upwards,0.5,41.0,847478337440747,1.0,-1.0,0.0,1080.0,40,12-13-2023,6,40,1.0
upwards,0.5,41.0,740670552279537,1.0,-9.0,0.0,844.0,40,12-13-2023,6,40,1.0
upwards,0.5,41.0,732292546033116,0.0,-9.0,0.0,620.0,40,12-13-2023,6,40,0.0
upwards,0.5,41.0,601345694913618,0.0,-7.0,0.0,1890.0,40,12-13-2023,6,40,0.0
upwards,0.5,42.0,115291459038236,1.0,-7.0,0.0,1109.0,40,12-13-2023,6,40,1.0
upwards,0.5,42.0,287272872067602,0.0,-7.0,0.0,1019.0,40,12-13-2023,6,40,0.0
upwards,0.5,42.0,847478337440747,1.0,-2.0,0.0,950.0,40,12-13-2023,6,40,1.0
upwards,0.5,42.0,740670552279537,0.0,-9.0,0.0,1653.0,40,12-13-2023,6,40,0.0
upwards,0.5,42.0,732292546033116,1.0,-10.0,0.0,659.0,40,12-13-2023,6,40,1.0
upwards,0.5,42.0,601345694913618,1.0,-8.0,0.0,1436.0,40,12-13-2023,6,40,1.0
upwards,0.5,43.0,115291459038236,0.0,-7.0,0.0,664.0,40,12-13-2023,6,40,0.0
upwards,0.5,43.0,287272872067602,0.0,-7.0,0.0,1362.0,40,12-13-2023,6,40,0.0
upwards,0.5,43.0,847478337440747,1.0,-1.0,0.0,748.0,40,12-13-2023,6,40,1.0
upwards,0.5,43.0,740670552279537,1.0,-8.0,0.0,1141.0,40,12-13-2023,6,40,1.0
upwards,0.5,43.0,732292546033116,0.0,-10.0,0.0,1140.0,40,12-13-2023,6,40,0.0
upwards,0.5,43.0,601345694913618,1.0,-7.0,0.0,1093.0,40,12-13-2023,6,40,1.0
upwards,0.5,44.0,115291459038236,1.0,-6.0,0.0,794.0,40,12-13-2023,6,40,1.0
upwards,0.5,44.0,287272872067602,1.0,-6.0,0.0,844.0,40,12-13-2023,6,40,1.0
upwards,0.5,44.0,847478337440747,0.0,-1.0,0.0,1668.0,40,12-13-2023,6,40,0.0
upwards,0.5,44.0,740670552279537,0.0,-8.0,0.0,804.0,40,12-13-2023,6,40,0.0
upwards,0.5,44.0,732292546033116,1.0,-9.0,0.0,735.0,40,12-13-2023,6,40,1.0
upwards,0.5,44.0,601345694913618,0.0,-7.0,0.0,1343.0,40,12-13-2023,6,40,0.0
upwards,0.5,45.0,115291459038236,0.0,-6.0,0.0,1033.0,40,12-13-2023,6,40,0.0
upwards,0.5,45.0,287272872067602,1.0,-5.0,0.0,1137.0,40,12-13-2023,6,40,1.0
upwards,0.5,45.0,847478337440747,1.0,0.0,0.0,795.0,40,12-13-2023,6,40,1.0
upwards,0.5,45.0,740670552279537,0.0,-8.0,0.0,1193.0,40,12-13-2023,6,40,0.0
upwards,0.5,45.0,732292546033116,0.0,-9.0,0.0,608.0,40,12-13-2023,6,40,0.0
upwards,0.5,45.0,601345694913618,0.0,-7.0,0.0,1070.0,40,12-13-2023,6,40,0.0
upwards,0.5,46.0,115291459038236,1.0,-7.0,0.0,680.0,40,12-13-2023,6,40,1.0
upwards,0.5,46.0,287272872067602,1.0,-6.0,0.0,805.0,40,12-13-2023,6,40,1.0
upwards,0.5,46.0,847478337440747,1.0,-1.0,0.0,580.0,40,12-13-2023,6,40,1.0
upwards,0.5,46.0,740670552279537,0.0,-8.0,0.0,724.0,40,12-13-2023,6,40,0.0
upwards,0.5,46.0,732292546033116,1.0,-10.0,0.0,843.0,40,12-13-2023,6,40,1.0
upwards,0.5,46.0,601345694913618,1.0,-8.0,0.0,1517.0,40,12-13-2023,6,40,1.0
upwards,0.5,47.0,115291459038236,1.0,-8.0,0.0,1510.0,40,12-13-2023,6,40,1.0
upwards,0.5,47.0,287272872067602,1.0,-7.0,0.0,1173.0,40,12-13-2023,6,40,1.0
upwards,0.5,47.0,847478337440747,1.0,-2.0,0.0,675.0,40,12-13-2023,6,40,1.0
upwards,0.5,47.0,740670552279537,1.0,-9.0,0.0,1035.0,40,12-13-2023,6,40,1.0
upwards,0.5,47.0,732292546033116,0.0,-10.0,0.0,564.0,40,12-13-2023,6,40,0.0
upwards,0.5,47.0,601345694913618,1.0,-9.0,0.0,1054.0,40,12-13-2023,6,40,1.0
upwards,0.5,48.0,115291459038236,1.0,-7.0,0.0,605.0,40,12-13-2023,6,40,1.0
upwards,0.5,48.0,287272872067602,0.0,-7.0,0.0,937.0,40,12-13-2023,6,40,0.0
upwards,0.5,48.0,847478337440747,0.0,-2.0,0.0,1531.0,40,12-13-2023,6,40,0.0
upwards,0.5,48.0,740670552279537,1.0,-8.0,0.0,723.0,40,12-13-2023,6,40,1.0
upwards,0.5,48.0,732292546033116,0.0,-10.0,0.0,883.0,40,12-13-2023,6,40,0.0
upwards,0.5,48.0,601345694913618,1.0,-8.0,0.0,744.0,40,12-13-2023,6,40,1.0
upwards,0.5,49.0,115291459038236,0.0,-7.0,0.0,1044.0,40,12-13-2023,6,40,0.0
upwards,0.5,49.0,287272872067602,0.0,-7.0,0.0,895.0,40,12-13-2023,6,40,0.0
upwards,0.5,49.0,847478337440747,1.0,-3.0,0.0,872.0,40,12-13-2023,6,40,1.0
upwards,0.5,49.0,740670552279537,1.0,-9.0,0.0,1541.0,40,12-13-2023,6,40,1.0
upwards,0.5,49.0,732292546033116,1.0,-11.0,0.0,516.0,40,12-13-2023,6,40,1.0
upwards,0.5,49.0,601345694913618,1.0,-9.0,0.0,1799.0,40,12-13-2023,6,40,1.0
upwards,0.5,50.0,115291459038236,0.0,-7.0,0.0,564.0,40,12-13-2023,6,40,0.0
upwards,0.5,50.0,287272872067602,0.0,-7.0,0.0,966.0,40,12-13-2023,6,40,0.0
upwards,0.5,50.0,847478337440747,0.0,-3.0,0.0,750.0,40,12-13-2023,6,40,0.0
upwards,0.5,50.0,740670552279537,0.0,-9.0,0.0,722.0,40,12-13-2023,6,40,0.0
upwards,0.5,50.0,732292546033116,0.0,-11.0,0.0,526.0,40,12-13-2023,6,40,0.0
upwards,0.5,50.0,601345694913618,1.0,-8.0,0.0,1177.0,40,12-13-2023,6,40,1.0
upwards,0.5,51.0,115291459038236,0.0,-7.0,0.0,531.0,40,12-13-2023,6,40,0.0
upwards,0.5,51.0,287272872067602,1.0,-6.0,0.0,2792.0,40,12-13-2023,6,40,1.0
upwards,0.5,51.0,847478337440747,0.0,-3.0,0.0,952.0,40,12-13-2023,6,40,0.0
upwards,0.5,51.0,740670552279537,0.0,-9.0,0.0,912.0,40,12-13-2023,6,40,0.0
upwards,0.5,51.0,732292546033116,1.0,-10.0,0.0,659.0,40,12-13-2023,6,40,1.0
upwards,0.5,51.0,601345694913618,1.0,-7.0,0.0,1063.0,40,12-13-2023,6,40,1.0
upwards,0.5,52.0,115291459038236,1.0,-8.0,0.0,621.0,40,12-13-2023,6,40,1.0
upwards,0.5,52.0,287272872067602,1.0,-7.0,0.0,664.0,40,12-13-2023,6,40,1.0
upwards,0.5,52.0,847478337440747,1.0,-4.0,0.0,677.0,40,12-13-2023,6,40,1.0
upwards,0.5,52.0,740670552279537,1.0,-10.0,0.0,611.0,40,12-13-2023,6,40,1.0
upwards,0.5,52.0,732292546033116,1.0,-11.0,0.0,826.0,40,12-13-2023,6,40,1.0
upwards,0.5,52.0,601345694913618,0.0,-7.0,0.0,1203.0,40,12-13-2023,6,40,0.0
upwards,0.5,53.0,115291459038236,1.0,-7.0,0.0,1862.0,40,12-13-2023,6,40,1.0
upwards,0.5,53.0,287272872067602,1.0,-6.0,0.0,734.0,40,12-13-2023,6,40,1.0
upwards,0.5,53.0,847478337440747,1.0,-3.0,0.0,820.0,40,12-13-2023,6,40,1.0
upwards,0.5,53.0,740670552279537,0.0,-10.0,0.0,685.0,40,12-13-2023,6,40,0.0
upwards,0.5,53.0,732292546033116,0.0,-11.0,0.0,1431.0,40,12-13-2023,6,40,0.0
upwards,0.5,53.0,601345694913618,0.0,-7.0,0.0,1414.0,40,12-13-2023,6,40,0.0
upwards,0.5,54.0,115291459038236,0.0,-7.0,0.0,655.0,40,12-13-2023,6,40,0.0
upwards,0.5,54.0,287272872067602,1.0,-7.0,0.0,1599.0,40,12-13-2023,6,40,1.0
upwards,0.5,54.0,847478337440747,1.0,-4.0,0.0,653.0,40,12-13-2023,6,40,1.0
upwards,0.5,54.0,740670552279537,1.0,-11.0,0.0,990.0,40,12-13-2023,6,40,1.0
upwards,0.5,54.0,732292546033116,1.0,-12.0,0.0,422.0,40,12-13-2023,6,40,1.0
upwards,0.5,54.0,601345694913618,0.0,-7.0,0.0,1050.0,40,12-13-2023,6,40,0.0
upwards,0.5,55.0,115291459038236,0.0,-7.0,0.0,835.0,40,12-13-2023,6,40,0.0
upwards,0.5,55.0,287272872067602,0.0,-7.0,0.0,1530.0,40,12-13-2023,6,40,0.0
upwards,0.5,55.0,847478337440747,1.0,-3.0,0.0,731.0,40,12-13-2023,6,40,1.0
upwards,0.5,55.0,740670552279537,0.0,-11.0,0.0,864.0,40,12-13-2023,6,40,0.0
upwards,0.5,55.0,732292546033116,0.0,-12.0,0.0,869.0,40,12-13-2023,6,40,0.0
upwards,0.5,55.0,601345694913618,1.0,-6.0,0.0,1077.0,40,12-13-2023,6,40,1.0
upwards,0.5,56.0,115291459038236,0.0,-7.0,0.0,968.0,40,12-13-2023,6,40,0.0
upwards,0.5,56.0,287272872067602,0.0,-7.0,0.0,838.0,40,12-13-2023,6,40,0.0
upwards,0.5,56.0,847478337440747,0.0,-3.0,0.0,1224.0,40,12-13-2023,6,40,0.0
upwards,0.5,56.0,740670552279537,0.0,-11.0,0.0,864.0,40,12-13-2023,6,40,0.0
upwards,0.5,56.0,732292546033116,1.0,-11.0,0.0,719.0,40,12-13-2023,6,40,1.0
upwards,0.5,56.0,601345694913618,0.0,-6.0,0.0,1656.0,40,12-13-2023,6,40,0.0
upwards,0.5,57.0,115291459038236,1.0,-8.0,0.0,1027.0,40,12-13-2023,6,40,1.0
upwards,0.5,57.0,287272872067602,0.0,-7.0,0.0,738.0,40,12-13-2023,6,40,0.0
upwards,0.5,57.0,847478337440747,1.0,-4.0,0.0,588.0,40,12-13-2023,6,40,1.0
upwards,0.5,57.0,740670552279537,0.0,-11.0,0.0,956.0,40,12-13-2023,6,40,0.0
upwards,0.5,57.0,732292546033116,1.0,-12.0,0.0,686.0,40,12-13-2023,6,40,1.0
upwards,0.5,57.0,601345694913618,1.0,-7.0,0.0,985.0,40,12-13-2023,6,40,1.0
upwards,0.5,58.0,115291459038236,0.0,-8.0,0.0,693.0,40,12-13-2023,6,40,0.0
upwards,0.5,58.0,287272872067602,0.0,-7.0,0.0,1037.0,40,12-13-2023,6,40,0.0
upwards,0.5,58.0,847478337440747,1.0,-3.0,0.0,680.0,40,12-13-2023,6,40,1.0
upwards,0.5,58.0,740670552279537,1.0,-10.0,0.0,1056.0,40,12-13-2023,6,40,1.0
upwards,0.5,58.0,732292546033116,0.0,-12.0,0.0,768.0,40,12-13-2023,6,40,0.0
upwards,0.5,58.0,601345694913618,0.0,-7.0,0.0,1437.0,40,12-13-2023,6,40,0.0
upwards,0.5,59.0,115291459038236,1.0,-7.0,0.0,1274.0,40,12-13-2023,6,40,1.0
upwards,0.5,59.0,287272872067602,0.0,-7.0,0.0,1470.0,40,12-13-2023,6,40,0.0
upwards,0.5,59.0,847478337440747,1.0,-2.0,0.0,927.0,40,12-13-2023,6,40,1.0
upwards,0.5,59.0,740670552279537,0.0,-10.0,0.0,1352.0,40,12-13-2023,6,40,0.0
upwards,0.5,59.0,732292546033116,1.0,-11.0,0.0,699.0,40,12-13-2023,6,40,1.0
upwards,0.5,59.0,601345694913618,0.0,-7.0,0.0,1114.0,40,12-13-2023,6,40,0.0
upwards,0.5,60.0,115291459038236,0.0,-7.0,0.0,634.0,40,12-13-2023,6,40,0.0
upwards,0.5,60.0,287272872067602,0.0,-7.0,0.0,1022.0,40,12-13-2023,6,40,0.0
upwards,0.5,60.0,847478337440747,1.0,-3.0,0.0,616.0,40,12-13-2023,6,40,1.0
upwards,0.5,60.0,740670552279537,1.0,-11.0,0.0,788.0,40,12-13-2023,6,40,1.0
upwards,0.5,60.0,732292546033116,1.0,-12.0,0.0,1377.0,40,12-13-2023,6,40,1.0
upwards,0.5,60.0,601345694913618,1.0,-8.0,0.0,1842.0,40,12-13-2023,6,40,1.0
upwards,0.5,61.0,115291459038236,1.0,-6.0,0.0,849.0,40,12-13-2023,6,40,1.0
upwards,0.5,61.0,287272872067602,1.0,-6.0,0.0,540.0,40,12-13-2023,6,40,1.0
upwards,0.5,61.0,847478337440747,0.0,-3.0,0.0,1325.0,40,12-13-2023,6,40,0.0
upwards,0.5,61.0,740670552279537,0.0,-11.0,0.0,1131.0,40,12-13-2023,6,40,0.0
upwards,0.5,61.0,732292546033116,0.0,-12.0,0.0,500.0,40,12-13-2023,6,40,0.0
upwards,0.5,61.0,601345694913618,1.0,-7.0,0.0,1197.0,40,12-13-2023,6,40,1.0
upwards,0.6666666666666666,62.0,115291459038236,0.0,-6.0,0.0,852.0,40,12-13-2023,6,40,0.0
upwards,0.6666666666666666,62.0,287272872067602,0.0,-6.0,0.0,16950.0,40,12-13-2023,6,40,0.0
upwards,0.6666666666666666,62.0,847478337440747,1.0,-2.0,0.0,1095.0,40,12-13-2023,6,40,1.0
upwards,0.6666666666666666,62.0,740670552279537,0.0,-11.0,0.0,2719.0,40,12-13-2023,6,40,0.0
upwards,0.6666666666666666,62.0,732292546033116,1.0,-11.0,0.0,1065.0,40,12-13-2023,6,40,1.0
upwards,0.6666666666666666,62.0,601345694913618,1.0,-6.0,0.0,1505.0,40,12-13-2023,6,40,1.0
upwards,0.6666666666666666,63.0,115291459038236,1.0,-5.0,0.0,766.0,40,12-13-2023,6,40,1.0
upwards,0.6666666666666666,63.0,287272872067602,0.0,-6.0,0.0,866.0,40,12-13-2023,6,40,0.0
upwards,0.6666666666666666,63.0,847478337440747,1.0,-1.0,0.0,1039.0,40,12-13-2023,6,40,1.0
upwards,0.6666666666666666,63.0,740670552279537,1.0,-10.0,0.0,1269.0,40,12-13-2023,6,40,1.0
upwards,0.6666666666666666,63.0,732292546033116,0.0,-11.0,0.0,513.0,40,12-13-2023,6,40,0.0
upwards,0.6666666666666666,63.0,601345694913618,0.0,-6.0,0.0,1151.0,40,12-13-2023,6,40,0.0
upwards,0.6666666666666666,64.0,115291459038236,0.0,-5.0,0.0,1023.0,40,12-13-2023,6,40,0.0
upwards,0.6666666666666666,64.0,287272872067602,1.0,-5.0,0.0,999.0,40,12-13-2023,6,40,1.0
upwards,0.6666666666666666,64.0,847478337440747,1.0,0.0,0.0,591.0,40,12-13-2023,6,40,1.0
upwards,0.6666666666666666,64.0,740670552279537,0.0,-10.0,0.0,969.0,40,12-13-2023,6,40,0.0
upwards,0.6666666666666666,64.0,732292546033116,1.0,-10.0,0.0,653.0,40,12-13-2023,6,40,1.0
upwards,0.6666666666666666,64.0,601345694913618,1.0,-5.0,0.0,860.0,40,12-13-2023,6,40,1.0
upwards,0.6666666666666666,65.0,115291459038236,0.0,-5.0,0.0,814.0,40,12-13-2023,6,40,0.0
upwards,0.6666666666666666,65.0,287272872067602,1.0,-4.0,0.0,777.0,40,12-13-2023,6,40,1.0
upwards,0.6666666666666666,65.0,847478337440747,1.0,1.0,0.0,625.0,40,12-13-2023,6,40,1.0
upwards,0.6666666666666666,65.0,740670552279537,1.0,-9.0,0.0,983.0,40,12-13-2023,6,40,1.0
upwards,0.6666666666666666,65.0,732292546033116,0.0,-10.0,0.0,606.0,40,12-13-2023,6,40,0.0
upwards,0.6666666666666666,65.0,601345694913618,0.0,-5.0,0.0,1766.0,40,12-13-2023,6,40,0.0
upwards,0.6666666666666666,66.0,115291459038236,1.0,-6.0,0.0,969.0,40,12-13-2023,6,40,1.0
upwards,0.6666666666666666,66.0,287272872067602,1.0,-5.0,0.0,682.0,40,12-13-2023,6,40,1.0
upwards,0.6666666666666666,66.0,847478337440747,1.0,0.0,0.0,884.0,40,12-13-2023,6,40,1.0
upwards,0.6666666666666666,66.0,740670552279537,0.0,-9.0,0.0,929.0,40,12-13-2023,6,40,0.0
upwards,0.6666666666666666,66.0,732292546033116,1.0,-11.0,0.0,856.0,40,12-13-2023,6,40,1.0
upwards,0.6666666666666666,66.0,601345694913618,1.0,-6.0,0.0,1004.0,40,12-13-2023,6,40,1.0
upwards,0.6666666666666666,67.0,115291459038236,0.0,-6.0,0.0,955.0,40,12-13-2023,6,40,0.0
upwards,0.6666666666666666,67.0,287272872067602,1.0,-4.0,0.0,1040.0,40,12-13-2023,6,40,1.0
upwards,0.6666666666666666,67.0,847478337440747,1.0,1.0,0.0,820.0,40,12-13-2023,6,40,1.0
upwards,0.6666666666666666,67.0,740670552279537,1.0,-8.0,0.0,857.0,40,12-13-2023,6,40,1.0
upwards,0.6666666666666666,67.0,732292546033116,0.0,-11.0,0.0,591.0,40,12-13-2023,6,40,0.0
upwards,0.6666666666666666,67.0,601345694913618,0.0,-6.0,0.0,1229.0,40,12-13-2023,6,40,0.0
upwards,0.6666666666666666,68.0,115291459038236,1.0,-5.0,0.0,968.0,40,12-13-2023,6,40,1.0
upwards,0.6666666666666666,68.0,287272872067602,1.0,-3.0,0.0,1031.0,40,12-13-2023,6,40,1.0
upwards,0.6666666666666666,68.0,847478337440747,0.0,1.0,0.0,872.0,40,12-13-2023,6,40,0.0
upwards,0.6666666666666666,68.0,740670552279537,0.0,-8.0,0.0,1297.0,40,12-13-2023,6,40,0.0
upwards,0.6666666666666666,68.0,732292546033116,0.0,-11.0,0.0,970.0,40,12-13-2023,6,40,0.0
upwards,0.6666666666666666,68.0,601345694913618,1.0,-5.0,0.0,936.0,40,12-13-2023,6,40,1.0
upwards,0.6666666666666666,69.0,115291459038236,0.0,-5.0,0.0,1025.0,40,12-13-2023,6,40,0.0
upwards,0.6666666666666666,69.0,287272872067602,1.0,-4.0,0.0,524.0,40,12-13-2023,6,40,1.0
upwards,0.6666666666666666,69.0,847478337440747,1.0,0.0,0.0,612.0,40,12-13-2023,6,40,1.0
upwards,0.6666666666666666,69.0,740670552279537,1.0,-9.0,0.0,893.0,40,12-13-2023,6,40,1.0
upwards,0.6666666666666666,69.0,732292546033116,1.0,-12.0,0.0,635.0,40,12-13-2023,6,40,1.0
upwards,0.6666666666666666,69.0,601345694913618,1.0,-6.0,0.0,866.0,40,12-13-2023,6,40,1.0
upwards,0.6666666666666666,70.0,115291459038236,1.0,-4.0,0.0,688.0,40,12-13-2023,6,40,1.0
upwards,0.6666666666666666,70.0,287272872067602,1.0,-3.0,0.0,594.0,40,12-13-2023,6,40,1.0
upwards,0.6666666666666666,70.0,847478337440747,1.0,1.0,0.0,674.0,40,12-13-2023,6,40,1.0
upwards,0.6666666666666666,70.0,740670552279537,0.0,-9.0,0.0,1062.0,40,12-13-2023,6,40,0.0
upwards,0.6666666666666666,70.0,732292546033116,0.0,-12.0,0.0,909.0,40,12-13-2023,6,40,0.0
upwards,0.6666666666666666,70.0,601345694913618,1.0,-5.0,0.0,2241.0,40,12-13-2023,6,40,1.0
upwards,0.6666666666666666,71.0,115291459038236,0.0,-4.0,0.0,984.0,40,12-13-2023,6,40,0.0
upwards,0.6666666666666666,71.0,287272872067602,1.0,-2.0,0.0,731.0,40,12-13-2023,6,40,1.0
upwards,0.6666666666666666,71.0,847478337440747,1.0,2.0,0.0,946.0,40,12-13-2023,6,40,1.0
upwards,0.6666666666666666,71.0,740670552279537,1.0,-8.0,0.0,1148.0,40,12-13-2023,6,40,1.0
upwards,0.6666666666666666,71.0,732292546033116,1.0,-11.0,0.0,1446.0,40,12-13-2023,6,40,1.0
upwards,0.6666666666666666,71.0,601345694913618,0.0,-5.0,0.0,1112.0,40,12-13-2023,6,40,0.0
upwards,0.6666666666666666,72.0,115291459038236,0.0,-4.0,0.0,1298.0,40,12-13-2023,6,40,0.0
upwards,0.6666666666666666,72.0,287272872067602,1.0,-1.0,0.0,743.0,40,12-13-2023,6,40,1.0
upwards,0.6666666666666666,72.0,847478337440747,1.0,3.0,0.0,913.0,40,12-13-2023,6,40,1.0
upwards,0.6666666666666666,72.0,740670552279537,0.0,-8.0,0.0,1174.0,40,12-13-2023,6,40,0.0
upwards,0.6666666666666666,72.0,732292546033116,1.0,-10.0,0.0,1070.0,40,12-13-2023,6,40,1.0
upwards,0.6666666666666666,72.0,601345694913618,1.0,-4.0,0.0,1063.0,40,12-13-2023,6,40,1.0
upwards,0.6666666666666666,73.0,115291459038236,1.0,-3.0,0.0,480.0,40,12-13-2023,6,40,1.0
upwards,0.6666666666666666,73.0,287272872067602,1.0,0.0,0.0,668.0,40,12-13-2023,6,40,1.0
upwards,0.6666666666666666,73.0,847478337440747,1.0,4.0,0.0,723.0,40,12-13-2023,6,40,1.0
upwards,0.6666666666666666,73.0,740670552279537,0.0,-8.0,0.0,1278.0,40,12-13-2023,6,40,0.0
upwards,0.6666666666666666,73.0,732292546033116,0.0,-10.0,0.0,965.0,40,12-13-2023,6,40,0.0
upwards,0.6666666666666666,73.0,601345694913618,0.0,-4.0,0.0,972.0,40,12-13-2023,6,40,0.0
upwards,0.6666666666666666,74.0,115291459038236,1.0,-4.0,0.0,1179.0,40,12-13-2023,6,40,1.0
upwards,0.6666666666666666,74.0,287272872067602,1.0,-1.0,0.0,590.0,40,12-13-2023,6,40,1.0
upwards,0.6666666666666666,74.0,847478337440747,1.0,3.0,0.0,826.0,40,12-13-2023,6,40,1.0
upwards,0.6666666666666666,74.0,740670552279537,1.0,-9.0,0.0,914.0,40,12-13-2023,6,40,1.0
upwards,0.6666666666666666,74.0,732292546033116,0.0,-10.0,0.0,496.0,40,12-13-2023,6,40,0.0
upwards,0.6666666666666666,74.0,601345694913618,1.0,-5.0,0.0,1123.0,40,12-13-2023,6,40,1.0
upwards,0.6666666666666666,75.0,115291459038236,1.0,-5.0,0.0,919.0,40,12-13-2023,6,40,1.0
upwards,0.6666666666666666,75.0,287272872067602,1.0,-2.0,0.0,1102.0,40,12-13-2023,6,40,1.0
upwards,0.6666666666666666,75.0,847478337440747,1.0,2.0,0.0,822.0,40,12-13-2023,6,40,1.0
upwards,0.6666666666666666,75.0,740670552279537,0.0,-9.0,0.0,744.0,40,12-13-2023,6,40,0.0
upwards,0.6666666666666666,75.0,732292546033116,1.0,-11.0,0.0,1215.0,40,12-13-2023,6,40,1.0
upwards,0.6666666666666666,75.0,601345694913618,1.0,-6.0,0.0,1014.0,40,12-13-2023,6,40,1.0
upwards,0.6666666666666666,76.0,115291459038236,0.0,-5.0,0.0,919.0,40,12-13-2023,6,40,0.0
upwards,0.6666666666666666,76.0,287272872067602,1.0,-1.0,0.0,575.0,40,12-13-2023,6,40,1.0
upwards,0.6666666666666666,76.0,847478337440747,1.0,3.0,0.0,643.0,40,12-13-2023,6,40,1.0
upwards,0.6666666666666666,76.0,740670552279537,1.0,-8.0,0.0,914.0,40,12-13-2023,6,40,1.0
upwards,0.6666666666666666,76.0,732292546033116,0.0,-11.0,0.0,913.0,40,12-13-2023,6,40,0.0
upwards,0.6666666666666666,76.0,601345694913618,1.0,-5.0,0.0,919.0,40,12-13-2023,6,40,1.0
upwards,0.6666666666666666,77.0,115291459038236,1.0,-6.0,0.0,689.0,40,12-13-2023,6,40,1.0
upwards,0.6666666666666666,77.0,287272872067602,1.0,-2.0,0.0,469.0,40,12-13-2023,6,40,1.0
upwards,0.6666666666666666,77.0,847478337440747,1.0,2.0,0.0,668.0,40,12-13-2023,6,40,1.0
upwards,0.6666666666666666,77.0,740670552279537,1.0,-9.0,0.0,1478.0,40,12-13-2023,6,40,1.0
upwards,0.6666666666666666,77.0,732292546033116,0.0,-11.0,0.0,509.0,40,12-13-2023,6,40,0.0
upwards,0.6666666666666666,77.0,601345694913618,1.0,-6.0,0.0,1391.0,40,12-13-2023,6,40,1.0
upwards,0.6666666666666666,78.0,115291459038236,0.0,-6.0,0.0,904.0,40,12-13-2023,6,40,0.0
upwards,0.6666666666666666,78.0,287272872067602,1.0,-1.0,0.0,692.0,40,12-13-2023,6,40,1.0
upwards,0.6666666666666666,78.0,847478337440747,1.0,3.0,0.0,516.0,40,12-13-2023,6,40,1.0
upwards,0.6666666666666666,78.0,740670552279537,0.0,-9.0,0.0,1359.0,40,12-13-2023,6,40,0.0
upwards,0.6666666666666666,78.0,732292546033116,0.0,-11.0,0.0,570.0,40,12-13-2023,6,40,0.0
upwards,0.6666666666666666,78.0,601345694913618,1.0,-5.0,0.0,1462.0,40,12-13-2023,6,40,1.0
upwards,0.6666666666666666,79.0,115291459038236,1.0,-5.0,0.0,528.0,40,12-13-2023,6,40,1.0
upwards,0.6666666666666666,79.0,287272872067602,1.0,0.0,0.0,659.0,40,12-13-2023,6,40,1.0
upwards,0.6666666666666666,79.0,847478337440747,1.0,4.0,0.0,613.0,40,12-13-2023,6,40,1.0
upwards,0.6666666666666666,79.0,740670552279537,1.0,-8.0,0.0,1247.0,40,12-13-2023,6,40,1.0
upwards,0.6666666666666666,79.0,732292546033116,0.0,-11.0,0.0,746.0,40,12-13-2023,6,40,0.0
upwards,0.6666666666666666,79.0,601345694913618,0.0,-5.0,0.0,794.0,40,12-13-2023,6,40,0.0
upwards,0.6666666666666666,80.0,115291459038236,0.0,-5.0,0.0,704.0,40,12-13-2023,6,40,0.0
upwards,0.6666666666666666,80.0,287272872067602,1.0,1.0,0.0,878.0,40,12-13-2023,6,40,1.0
upwards,0.6666666666666666,80.0,847478337440747,1.0,5.0,0.0,632.0,40,12-13-2023,6,40,1.0
upwards,0.6666666666666666,80.0,740670552279537,0.0,-8.0,0.0,921.0,40,12-13-2023,6,40,0.0
upwards,0.6666666666666666,80.0,732292546033116,0.0,-11.0,0.0,516.0,40,12-13-2023,6,40,0.0
upwards,0.6666666666666666,80.0,601345694913618,0.0,-5.0,0.0,933.0,40,12-13-2023,6,40,0.0
upwards,0.6666666666666666,81.0,115291459038236,0.0,-5.0,0.0,791.0,40,12-13-2023,6,40,0.0
upwards,0.6666666666666666,81.0,287272872067602,1.0,0.0,0.0,670.0,40,12-13-2023,6,40,1.0
upwards,0.6666666666666666,81.0,847478337440747,1.0,4.0,0.0,704.0,40,12-13-2023,6,40,1.0
upwards,0.6666666666666666,81.0,740670552279537,1.0,-9.0,0.0,887.0,40,12-13-2023,6,40,1.0
upwards,0.6666666666666666,81.0,732292546033116,1.0,-12.0,0.0,642.0,40,12-13-2023,6,40,1.0
upwards,0.6666666666666666,81.0,601345694913618,1.0,-6.0,0.0,994.0,40,12-13-2023,6,40,1.0
upwards,0.6666666666666666,82.0,115291459038236,0.0,-5.0,0.0,1429.0,40,12-13-2023,6,40,0.0
upwards,0.6666666666666666,82.0,287272872067602,1.0,1.0,0.0,788.0,40,12-13-2023,6,40,1.0
upwards,0.6666666666666666,82.0,847478337440747,1.0,5.0,0.0,488.0,40,12-13-2023,6,40,1.0
upwards,0.6666666666666666,82.0,740670552279537,1.0,-8.0,0.0,818.0,40,12-13-2023,6,40,1.0
upwards,0.6666666666666666,82.0,732292546033116,0.0,-12.0,0.0,786.0,40,12-13-2023,6,40,0.0
upwards,0.6666666666666666,82.0,601345694913618,0.0,-6.0,0.0,1090.0,40,12-13-2023,6,40,0.0
upwards,0.6666666666666666,83.0,115291459038236,0.0,-5.0,0.0,1172.0,40,12-13-2023,6,40,0.0
upwards,0.6666666666666666,83.0,287272872067602,1.0,2.0,0.0,883.0,40,12-13-2023,6,40,1.0
upwards,0.6666666666666666,83.0,847478337440747,1.0,6.0,0.0,682.0,40,12-13-2023,6,40,1.0
upwards,0.6666666666666666,83.0,740670552279537,1.0,-7.0,0.0,976.0,40,12-13-2023,6,40,1.0
upwards,0.6666666666666666,83.0,732292546033116,1.0,-11.0,0.0,570.0,40,12-13-2023,6,40,1.0
upwards,0.6666666666666666,83.0,601345694913618,0.0,-6.0,0.0,982.0,40,12-13-2023,6,40,0.0
upwards,0.6666666666666666,84.0,115291459038236,0.0,-5.0,0.0,2146.0,40,12-13-2023,6,40,0.0
upwards,0.6666666666666666,84.0,287272872067602,1.0,3.0,0.0,1088.0,40,12-13-2023,6,40,1.0
upwards,0.6666666666666666,84.0,847478337440747,1.0,7.0,0.0,701.0,40,12-13-2023,6,40,1.0
upwards,0.6666666666666666,84.0,740670552279537,0.0,-7.0,0.0,1068.0,40,12-13-2023,6,40,0.0
upwards,0.6666666666666666,84.0,732292546033116,1.0,-10.0,0.0,816.0,40,12-13-2023,6,40,1.0
upwards,0.6666666666666666,84.0,601345694913618,0.0,-6.0,0.0,1473.0,40,12-13-2023,6,40,0.0
upwards,0.6666666666666666,85.0,115291459038236,1.0,-6.0,0.0,895.0,40,12-13-2023,6,40,1.0
upwards,0.6666666666666666,85.0,287272872067602,1.0,2.0,0.0,819.0,40,12-13-2023,6,40,1.0
upwards,0.6666666666666666,85.0,847478337440747,1.0,6.0,0.0,650.0,40,12-13-2023,6,40,1.0
upwards,0.6666666666666666,85.0,740670552279537,1.0,-8.0,0.0,2711.0,40,12-13-2023,6,40,1.0
upwards,0.6666666666666666,85.0,732292546033116,0.0,-10.0,0.0,1835.0,40,12-13-2023,6,40,0.0
upwards,0.6666666666666666,85.0,601345694913618,1.0,-7.0,0.0,846.0,40,12-13-2023,6,40,1.0
upwards,0.6666666666666666,86.0,115291459038236,1.0,-5.0,0.0,1029.0,40,12-13-2023,6,40,1.0
upwards,0.6666666666666666,86.0,287272872067602,1.0,3.0,0.0,715.0,40,12-13-2023,6,40,1.0
upwards,0.6666666666666666,86.0,847478337440747,1.0,7.0,0.0,770.0,40,12-13-2023,6,40,1.0
upwards,0.6666666666666666,86.0,740670552279537,0.0,-8.0,0.0,792.0,40,12-13-2023,6,40,0.0
upwards,0.6666666666666666,86.0,732292546033116,0.0,-10.0,0.0,556.0,40,12-13-2023,6,40,0.0
upwards,0.6666666666666666,86.0,601345694913618,1.0,-6.0,0.0,1092.0,40,12-13-2023,6,40,1.0
upwards,0.6666666666666666,87.0,115291459038236,0.0,-5.0,0.0,818.0,40,12-13-2023,6,40,0.0
upwards,0.6666666666666666,87.0,287272872067602,1.0,4.0,0.0,1312.0,40,12-13-2023,6,40,1.0
upwards,0.6666666666666666,87.0,847478337440747,1.0,8.0,0.0,606.0,40,12-13-2023,6,40,1.0
upwards,0.6666666666666666,87.0,740670552279537,1.0,-7.0,0.0,1162.0,40,12-13-2023,6,40,1.0
upwards,0.6666666666666666,87.0,732292546033116,1.0,-9.0,0.0,645.0,40,12-13-2023,6,40,1.0
upwards,0.6666666666666666,87.0,601345694913618,0.0,-6.0,0.0,1141.0,40,12-13-2023,6,40,0.0
upwards,0.6666666666666666,88.0,115291459038236,0.0,-5.0,0.0,891.0,40,12-13-2023,6,40,0.0
upwards,0.6666666666666666,88.0,287272872067602,1.0,5.0,0.0,1377.0,40,12-13-2023,6,40,1.0
upwards,0.6666666666666666,88.0,847478337440747,1.0,9.0,0.0,586.0,40,12-13-2023,6,40,1.0
upwards,0.6666666666666666,88.0,740670552279537,0.0,-7.0,0.0,1071.0,40,12-13-2023,6,40,0.0
upwards,0.6666666666666666,88.0,732292546033116,0.0,-9.0,0.0,892.0,40,12-13-2023,6,40,0.0
upwards,0.6666666666666666,88.0,601345694913618,0.0,-6.0,0.0,988.0,40,12-13-2023,6,40,0.0
upwards,0.6666666666666666,89.0,115291459038236,1.0,-4.0,0.0,990.0,40,12-13-2023,6,40,1.0
upwards,0.6666666666666666,89.0,287272872067602,0.0,5.0,0.0,1592.0,40,12-13-2023,6,40,0.0
upwards,0.6666666666666666,89.0,847478337440747,1.0,10.0,0.0,461.0,40,12-13-2023,6,40,1.0
upwards,0.6666666666666666,89.0,740670552279537,0.0,-7.0,0.0,621.0,40,12-13-2023,6,40,0.0
upwards,0.6666666666666666,89.0,732292546033116,1.0,-8.0,0.0,1140.0,40,12-13-2023,6,40,1.0
upwards,0.6666666666666666,89.0,601345694913618,0.0,-6.0,0.0,852.0,40,12-13-2023,6,40,0.0
upwards,0.6666666666666666,90.0,115291459038236,1.0,-5.0,0.0,2143.0,40,12-13-2023,6,40,1.0
upwards,0.6666666666666666,90.0,287272872067602,1.0,4.0,0.0,761.0,40,12-13-2023,6,40,1.0
upwards,0.6666666666666666,90.0,847478337440747,1.0,9.0,0.0,544.0,40,12-13-2023,6,40,1.0
upwards,0.6666666666666666,90.0,740670552279537,1.0,-8.0,0.0,606.0,40,12-13-2023,6,40,1.0
upwards,0.6666666666666666,90.0,732292546033116,0.0,-8.0,0.0,739.0,40,12-13-2023,6,40,0.0
upwards,0.6666666666666666,90.0,601345694913618,1.0,-7.0,0.0,815.0,40,12-13-2023,6,40,1.0
