,index,treatment,threshold,round,player,decision,score,timeup,time,room,date,num_players,group,choice
0,0,downwards,0.109375,1.0,589037721408239,1.0,1.0,0.0,3631.0,7,12-13-2023,8,7,1.0
1,1,downwards,0.109375,1.0,586994455133371,1.0,1.0,0.0,4885.0,7,12-13-2023,8,7,1.0
2,2,downwards,0.109375,1.0,810776187068695,1.0,1.0,0.0,9049.0,7,12-13-2023,8,7,1.0
3,3,downwards,0.109375,1.0,776347950518335,0.0,0.0,0.0,4979.0,7,12-13-2023,8,7,0.0
4,4,downwards,0.109375,1.0,754052083594053,1.0,1.0,0.0,3332.0,7,12-13-2023,8,7,1.0
5,5,downwards,0.109375,1.0,644915145220339,1.0,1.0,0.0,10589.0,7,12-13-2023,8,7,1.0
6,6,downwards,0.109375,1.0,245554916079783,1.0,1.0,0.0,7876.0,7,12-13-2023,8,7,1.0
7,7,downwards,0.109375,1.0,620856434907686,1.0,1.0,0.0,5644.0,7,12-13-2023,8,7,1.0
8,8,downwards,0.109375,2.0,589037721408239,1.0,1.0,0.0,1329.0,7,12-13-2023,8,7,1.0
9,9,downwards,0.109375,2.0,586994455133371,1.0,1.0,0.0,1693.0,7,12-13-2023,8,7,1.0
10,10,downwards,0.109375,2.0,810776187068695,1.0,1.0,0.0,4177.0,7,12-13-2023,8,7,1.0
11,11,downwards,0.109375,2.0,776347950518335,0.0,0.0,0.0,11863.0,7,12-13-2023,8,7,0.0
12,12,downwards,0.109375,2.0,754052083594053,1.0,1.0,0.0,2478.0,7,12-13-2023,8,7,1.0
13,13,downwards,0.109375,2.0,644915145220339,1.0,1.0,0.0,3656.0,7,12-13-2023,8,7,1.0
14,14,downwards,0.109375,2.0,245554916079783,1.0,1.0,0.0,2237.0,7,12-13-2023,8,7,1.0
15,15,downwards,0.109375,2.0,620856434907686,0.0,0.0,0.0,2033.0,7,12-13-2023,8,7,0.0
16,16,downwards,0.109375,3.0,589037721408239,1.0,1.0,0.0,1620.0,7,12-13-2023,8,7,1.0
17,17,downwards,0.109375,3.0,586994455133371,0.0,0.0,0.0,2289.0,7,12-13-2023,8,7,0.0
18,18,downwards,0.109375,3.0,810776187068695,1.0,1.0,0.0,3907.0,7,12-13-2023,8,7,1.0
19,19,downwards,0.109375,3.0,776347950518335,0.0,0.0,0.0,6147.0,7,12-13-2023,8,7,0.0
20,20,downwards,0.109375,3.0,754052083594053,1.0,1.0,0.0,5780.0,7,12-13-2023,8,7,1.0
21,21,downwards,0.109375,3.0,644915145220339,1.0,1.0,0.0,4940.0,7,12-13-2023,8,7,1.0
22,22,downwards,0.109375,3.0,245554916079783,1.0,1.0,0.0,2494.0,7,12-13-2023,8,7,1.0
23,23,downwards,0.109375,3.0,620856434907686,1.0,1.0,0.0,1548.0,7,12-13-2023,8,7,1.0
24,24,downwards,0.109375,4.0,589037721408239,1.0,1.0,0.0,1184.0,7,12-13-2023,8,7,1.0
25,25,downwards,0.109375,4.0,586994455133371,1.0,1.0,0.0,3948.0,7,12-13-2023,8,7,1.0
26,26,downwards,0.109375,4.0,810776187068695,1.0,1.0,0.0,2794.0,7,12-13-2023,8,7,1.0
27,27,downwards,0.109375,4.0,776347950518335,1.0,1.0,0.0,2668.0,7,12-13-2023,8,7,1.0
28,28,downwards,0.109375,4.0,754052083594053,1.0,1.0,0.0,2875.0,7,12-13-2023,8,7,1.0
29,29,downwards,0.109375,4.0,644915145220339,0.0,0.0,0.0,3169.0,7,12-13-2023,8,7,0.0
30,30,downwards,0.109375,4.0,245554916079783,1.0,1.0,0.0,2606.0,7,12-13-2023,8,7,1.0
31,31,downwards,0.109375,4.0,620856434907686,1.0,1.0,0.0,1448.0,7,12-13-2023,8,7,1.0
32,32,downwards,0.109375,5.0,589037721408239,1.0,1.0,0.0,655.0,7,12-13-2023,8,7,1.0
33,33,downwards,0.109375,5.0,586994455133371,1.0,1.0,0.0,1284.0,7,12-13-2023,8,7,1.0
34,34,downwards,0.109375,5.0,810776187068695,1.0,1.0,0.0,2006.0,7,12-13-2023,8,7,1.0
35,35,downwards,0.109375,5.0,776347950518335,0.0,0.0,0.0,2337.0,7,12-13-2023,8,7,0.0
36,36,downwards,0.109375,5.0,754052083594053,0.0,0.0,0.0,1735.0,7,12-13-2023,8,7,0.0
37,37,downwards,0.109375,5.0,644915145220339,1.0,1.0,0.0,2117.0,7,12-13-2023,8,7,1.0
38,38,downwards,0.109375,5.0,245554916079783,0.0,0.0,0.0,2024.0,7,12-13-2023,8,7,0.0
39,39,downwards,0.109375,5.0,620856434907686,0.0,0.0,0.0,1242.0,7,12-13-2023,8,7,0.0
40,40,downwards,0.109375,6.0,589037721408239,1.0,-1.0,0.0,571.0,7,12-13-2023,8,7,1.0
41,41,downwards,0.109375,6.0,586994455133371,1.0,-1.0,0.0,1570.0,7,12-13-2023,8,7,1.0
42,42,downwards,0.109375,6.0,810776187068695,1.0,-1.0,0.0,2256.0,7,12-13-2023,8,7,1.0
43,43,downwards,0.109375,6.0,776347950518335,1.0,-1.0,0.0,1193.0,7,12-13-2023,8,7,1.0
44,44,downwards,0.109375,6.0,754052083594053,1.0,-1.0,0.0,1742.0,7,12-13-2023,8,7,1.0
45,45,downwards,0.109375,6.0,644915145220339,1.0,-1.0,0.0,2599.0,7,12-13-2023,8,7,1.0
46,46,downwards,0.109375,6.0,245554916079783,1.0,-1.0,0.0,1438.0,7,12-13-2023,8,7,1.0
47,47,downwards,0.109375,6.0,620856434907686,1.0,-1.0,0.0,1228.0,7,12-13-2023,8,7,1.0
48,48,downwards,0.109375,7.0,589037721408239,1.0,1.0,0.0,671.0,7,12-13-2023,8,7,1.0
49,49,downwards,0.109375,7.0,586994455133371,0.0,0.0,0.0,2233.0,7,12-13-2023,8,7,0.0
50,50,downwards,0.109375,7.0,810776187068695,1.0,1.0,0.0,3701.0,7,12-13-2023,8,7,1.0
51,51,downwards,0.109375,7.0,776347950518335,0.0,0.0,0.0,1893.0,7,12-13-2023,8,7,0.0
52,52,downwards,0.109375,7.0,754052083594053,1.0,1.0,0.0,2443.0,7,12-13-2023,8,7,1.0
53,53,downwards,0.109375,7.0,644915145220339,1.0,1.0,0.0,1648.0,7,12-13-2023,8,7,1.0
54,54,downwards,0.109375,7.0,245554916079783,1.0,1.0,0.0,1722.0,7,12-13-2023,8,7,1.0
55,55,downwards,0.109375,7.0,620856434907686,0.0,0.0,0.0,1028.0,7,12-13-2023,8,7,0.0
56,56,downwards,0.109375,8.0,589037721408239,1.0,-1.0,0.0,750.0,7,12-13-2023,8,7,1.0
57,57,downwards,0.109375,8.0,586994455133371,1.0,-1.0,0.0,3367.0,7,12-13-2023,8,7,1.0
58,58,downwards,0.109375,8.0,810776187068695,1.0,-1.0,0.0,2322.0,7,12-13-2023,8,7,1.0
59,59,downwards,0.109375,8.0,776347950518335,1.0,-1.0,0.0,4599.0,7,12-13-2023,8,7,1.0
60,60,downwards,0.109375,8.0,754052083594053,1.0,-1.0,0.0,3609.0,7,12-13-2023,8,7,1.0
61,61,downwards,0.109375,8.0,644915145220339,1.0,-1.0,0.0,1334.0,7,12-13-2023,8,7,1.0
62,62,downwards,0.109375,8.0,245554916079783,1.0,-1.0,0.0,1685.0,7,12-13-2023,8,7,1.0
63,63,downwards,0.109375,8.0,620856434907686,1.0,-1.0,0.0,1375.0,7,12-13-2023,8,7,1.0
64,64,downwards,0.109375,9.0,589037721408239,1.0,1.0,0.0,1175.0,7,12-13-2023,8,7,1.0
65,65,downwards,0.109375,9.0,586994455133371,0.0,0.0,0.0,1706.0,7,12-13-2023,8,7,0.0
66,66,downwards,0.109375,9.0,810776187068695,1.0,1.0,0.0,2470.0,7,12-13-2023,8,7,1.0
67,67,downwards,0.109375,9.0,776347950518335,0.0,0.0,0.0,1746.0,7,12-13-2023,8,7,0.0
68,68,downwards,0.109375,9.0,754052083594053,1.0,1.0,0.0,2424.0,7,12-13-2023,8,7,1.0
69,69,downwards,0.109375,9.0,644915145220339,1.0,1.0,0.0,1334.0,7,12-13-2023,8,7,1.0
70,70,downwards,0.109375,9.0,245554916079783,0.0,0.0,0.0,1600.0,7,12-13-2023,8,7,0.0
71,71,downwards,0.109375,9.0,620856434907686,0.0,0.0,0.0,1389.0,7,12-13-2023,8,7,0.0
72,72,downwards,0.109375,10.0,589037721408239,1.0,1.0,0.0,869.0,7,12-13-2023,8,7,1.0
73,73,downwards,0.109375,10.0,586994455133371,0.0,0.0,0.0,1522.0,7,12-13-2023,8,7,0.0
74,74,downwards,0.109375,10.0,810776187068695,0.0,0.0,0.0,2231.0,7,12-13-2023,8,7,0.0
75,75,downwards,0.109375,10.0,776347950518335,0.0,0.0,0.0,1738.0,7,12-13-2023,8,7,0.0
76,76,downwards,0.109375,10.0,754052083594053,0.0,0.0,0.0,1354.0,7,12-13-2023,8,7,0.0
77,77,downwards,0.109375,10.0,644915145220339,0.0,0.0,0.0,1822.0,7,12-13-2023,8,7,0.0
78,78,downwards,0.109375,10.0,245554916079783,0.0,0.0,0.0,1142.0,7,12-13-2023,8,7,0.0
79,79,downwards,0.109375,10.0,620856434907686,1.0,1.0,0.0,1208.0,7,12-13-2023,8,7,1.0
80,80,downwards,0.109375,11.0,589037721408239,1.0,1.0,0.0,789.0,7,12-13-2023,8,7,1.0
81,81,downwards,0.109375,11.0,586994455133371,0.0,0.0,0.0,1506.0,7,12-13-2023,8,7,0.0
82,82,downwards,0.109375,11.0,810776187068695,0.0,0.0,0.0,1749.0,7,12-13-2023,8,7,0.0
83,83,downwards,0.109375,11.0,776347950518335,1.0,1.0,0.0,1285.0,7,12-13-2023,8,7,1.0
84,84,downwards,0.109375,11.0,754052083594053,1.0,1.0,0.0,1693.0,7,12-13-2023,8,7,1.0
85,85,downwards,0.109375,11.0,644915145220339,0.0,0.0,0.0,1635.0,7,12-13-2023,8,7,0.0
86,86,downwards,0.109375,11.0,245554916079783,0.0,0.0,0.0,2720.0,7,12-13-2023,8,7,0.0
87,87,downwards,0.109375,11.0,620856434907686,0.0,0.0,0.0,1108.0,7,12-13-2023,8,7,0.0
88,88,downwards,0.109375,12.0,589037721408239,1.0,1.0,0.0,521.0,7,12-13-2023,8,7,1.0
89,89,downwards,0.109375,12.0,586994455133371,1.0,1.0,0.0,2109.0,7,12-13-2023,8,7,1.0
90,90,downwards,0.109375,12.0,810776187068695,1.0,1.0,0.0,1767.0,7,12-13-2023,8,7,1.0
91,91,downwards,0.109375,12.0,776347950518335,0.0,0.0,0.0,2552.0,7,12-13-2023,8,7,0.0
92,92,downwards,0.109375,12.0,754052083594053,1.0,1.0,0.0,1830.0,7,12-13-2023,8,7,1.0
93,93,downwards,0.109375,12.0,644915145220339,0.0,0.0,0.0,1187.0,7,12-13-2023,8,7,0.0
94,94,downwards,0.109375,12.0,245554916079783,1.0,1.0,0.0,1273.0,7,12-13-2023,8,7,1.0
95,95,downwards,0.109375,12.0,620856434907686,0.0,0.0,0.0,1036.0,7,12-13-2023,8,7,0.0
96,96,downwards,0.109375,13.0,589037721408239,1.0,1.0,0.0,579.0,7,12-13-2023,8,7,1.0
97,97,downwards,0.109375,13.0,586994455133371,1.0,1.0,0.0,2224.0,7,12-13-2023,8,7,1.0
98,98,downwards,0.109375,13.0,810776187068695,1.0,1.0,0.0,1277.0,7,12-13-2023,8,7,1.0
99,99,downwards,0.109375,13.0,776347950518335,1.0,1.0,0.0,1114.0,7,12-13-2023,8,7,1.0
100,100,downwards,0.109375,13.0,754052083594053,1.0,1.0,0.0,2695.0,7,12-13-2023,8,7,1.0
101,101,downwards,0.109375,13.0,644915145220339,0.0,0.0,0.0,1477.0,7,12-13-2023,8,7,0.0
102,102,downwards,0.109375,13.0,245554916079783,1.0,1.0,0.0,1249.0,7,12-13-2023,8,7,1.0
103,103,downwards,0.109375,13.0,620856434907686,1.0,1.0,0.0,992.0,7,12-13-2023,8,7,1.0
104,104,downwards,0.109375,14.0,589037721408239,1.0,1.0,0.0,551.0,7,12-13-2023,8,7,1.0
105,105,downwards,0.109375,14.0,586994455133371,0.0,0.0,0.0,1569.0,7,12-13-2023,8,7,0.0
106,106,downwards,0.109375,14.0,810776187068695,1.0,1.0,0.0,1550.0,7,12-13-2023,8,7,1.0
107,107,downwards,0.109375,14.0,776347950518335,1.0,1.0,0.0,1176.0,7,12-13-2023,8,7,1.0
108,108,downwards,0.109375,14.0,754052083594053,1.0,1.0,0.0,1147.0,7,12-13-2023,8,7,1.0
109,109,downwards,0.109375,14.0,644915145220339,1.0,1.0,0.0,1005.0,7,12-13-2023,8,7,1.0
110,110,downwards,0.109375,14.0,245554916079783,1.0,1.0,0.0,2370.0,7,12-13-2023,8,7,1.0
111,111,downwards,0.109375,14.0,620856434907686,1.0,1.0,0.0,1049.0,7,12-13-2023,8,7,1.0
112,112,downwards,0.109375,15.0,589037721408239,1.0,1.0,0.0,800.0,7,12-13-2023,8,7,1.0
113,113,downwards,0.109375,15.0,586994455133371,0.0,0.0,0.0,2832.0,7,12-13-2023,8,7,0.0
114,114,downwards,0.109375,15.0,810776187068695,1.0,1.0,0.0,1334.0,7,12-13-2023,8,7,1.0
115,115,downwards,0.109375,15.0,776347950518335,1.0,1.0,0.0,2119.0,7,12-13-2023,8,7,1.0
116,116,downwards,0.109375,15.0,754052083594053,0.0,0.0,0.0,1732.0,7,12-13-2023,8,7,0.0
117,117,downwards,0.109375,15.0,644915145220339,0.0,0.0,0.0,1098.0,7,12-13-2023,8,7,0.0
118,118,downwards,0.109375,15.0,245554916079783,1.0,1.0,0.0,1032.0,7,12-13-2023,8,7,1.0
119,119,downwards,0.109375,15.0,620856434907686,1.0,1.0,0.0,1618.0,7,12-13-2023,8,7,1.0
120,120,downwards,0.109375,16.0,589037721408239,1.0,1.0,0.0,458.0,7,12-13-2023,8,7,1.0
121,121,downwards,0.109375,16.0,586994455133371,1.0,1.0,0.0,1787.0,7,12-13-2023,8,7,1.0
122,122,downwards,0.109375,16.0,810776187068695,1.0,1.0,0.0,2110.0,7,12-13-2023,8,7,1.0
123,123,downwards,0.109375,16.0,776347950518335,0.0,0.0,0.0,1280.0,7,12-13-2023,8,7,0.0
124,124,downwards,0.109375,16.0,754052083594053,1.0,1.0,0.0,837.0,7,12-13-2023,8,7,1.0
125,125,downwards,0.109375,16.0,644915145220339,1.0,1.0,0.0,1288.0,7,12-13-2023,8,7,1.0
126,126,downwards,0.109375,16.0,245554916079783,1.0,1.0,0.0,2583.0,7,12-13-2023,8,7,1.0
127,127,downwards,0.109375,16.0,620856434907686,0.0,0.0,0.0,1306.0,7,12-13-2023,8,7,0.0
128,128,downwards,0.109375,17.0,589037721408239,1.0,1.0,0.0,586.0,7,12-13-2023,8,7,1.0
129,129,downwards,0.109375,17.0,586994455133371,1.0,1.0,0.0,1682.0,7,12-13-2023,8,7,1.0
130,130,downwards,0.109375,17.0,810776187068695,1.0,1.0,0.0,3814.0,7,12-13-2023,8,7,1.0
131,131,downwards,0.109375,17.0,776347950518335,1.0,1.0,0.0,1100.0,7,12-13-2023,8,7,1.0
132,132,downwards,0.109375,17.0,754052083594053,1.0,1.0,0.0,1236.0,7,12-13-2023,8,7,1.0
133,133,downwards,0.109375,17.0,644915145220339,1.0,1.0,0.0,1726.0,7,12-13-2023,8,7,1.0
134,134,downwards,0.109375,17.0,245554916079783,1.0,1.0,0.0,3003.0,7,12-13-2023,8,7,1.0
135,135,downwards,0.109375,17.0,620856434907686,0.0,0.0,0.0,1370.0,7,12-13-2023,8,7,0.0
136,136,downwards,0.109375,18.0,589037721408239,1.0,1.0,0.0,838.0,7,12-13-2023,8,7,1.0
137,137,downwards,0.109375,18.0,586994455133371,0.0,0.0,0.0,1453.0,7,12-13-2023,8,7,0.0
138,138,downwards,0.109375,18.0,810776187068695,1.0,1.0,0.0,3864.0,7,12-13-2023,8,7,1.0
139,139,downwards,0.109375,18.0,776347950518335,0.0,0.0,0.0,2269.0,7,12-13-2023,8,7,0.0
140,140,downwards,0.109375,18.0,754052083594053,0.0,0.0,0.0,2151.0,7,12-13-2023,8,7,0.0
141,141,downwards,0.109375,18.0,644915145220339,0.0,0.0,0.0,1079.0,7,12-13-2023,8,7,0.0
142,142,downwards,0.109375,18.0,245554916079783,1.0,1.0,0.0,1987.0,7,12-13-2023,8,7,1.0
143,143,downwards,0.109375,18.0,620856434907686,0.0,0.0,0.0,1258.0,7,12-13-2023,8,7,0.0
144,144,downwards,0.109375,19.0,589037721408239,1.0,-1.0,0.0,621.0,7,12-13-2023,8,7,1.0
145,145,downwards,0.109375,19.0,586994455133371,1.0,-1.0,0.0,1743.0,7,12-13-2023,8,7,1.0
146,146,downwards,0.109375,19.0,810776187068695,1.0,-1.0,0.0,1685.0,7,12-13-2023,8,7,1.0
147,147,downwards,0.109375,19.0,776347950518335,1.0,-1.0,0.0,1419.0,7,12-13-2023,8,7,1.0
148,148,downwards,0.109375,19.0,754052083594053,1.0,-1.0,0.0,1439.0,7,12-13-2023,8,7,1.0
149,149,downwards,0.109375,19.0,644915145220339,1.0,-1.0,0.0,1314.0,7,12-13-2023,8,7,1.0
150,150,downwards,0.109375,19.0,245554916079783,1.0,-1.0,0.0,2179.0,7,12-13-2023,8,7,1.0
151,151,downwards,0.109375,19.0,620856434907686,1.0,-1.0,0.0,1323.0,7,12-13-2023,8,7,1.0
152,152,downwards,0.109375,20.0,589037721408239,1.0,1.0,0.0,780.0,7,12-13-2023,8,7,1.0
153,153,downwards,0.109375,20.0,586994455133371,1.0,1.0,0.0,2461.0,7,12-13-2023,8,7,1.0
154,154,downwards,0.109375,20.0,810776187068695,1.0,1.0,0.0,983.0,7,12-13-2023,8,7,1.0
155,155,downwards,0.109375,20.0,776347950518335,0.0,0.0,0.0,1847.0,7,12-13-2023,8,7,0.0
156,156,downwards,0.109375,20.0,754052083594053,1.0,1.0,0.0,1670.0,7,12-13-2023,8,7,1.0
157,157,downwards,0.109375,20.0,644915145220339,1.0,1.0,0.0,1342.0,7,12-13-2023,8,7,1.0
158,158,downwards,0.109375,20.0,245554916079783,1.0,1.0,0.0,2210.0,7,12-13-2023,8,7,1.0
159,159,downwards,0.109375,20.0,620856434907686,0.0,0.0,0.0,1316.0,7,12-13-2023,8,7,0.0
160,160,downwards,0.109375,21.0,589037721408239,1.0,1.0,0.0,599.0,7,12-13-2023,8,7,1.0
161,161,downwards,0.109375,21.0,586994455133371,1.0,1.0,0.0,1378.0,7,12-13-2023,8,7,1.0
162,162,downwards,0.109375,21.0,810776187068695,1.0,1.0,0.0,1605.0,7,12-13-2023,8,7,1.0
163,163,downwards,0.109375,21.0,776347950518335,1.0,1.0,0.0,1567.0,7,12-13-2023,8,7,1.0
164,164,downwards,0.109375,21.0,754052083594053,1.0,1.0,0.0,1512.0,7,12-13-2023,8,7,1.0
165,165,downwards,0.109375,21.0,644915145220339,0.0,0.0,0.0,1400.0,7,12-13-2023,8,7,0.0
166,166,downwards,0.109375,21.0,245554916079783,1.0,1.0,0.0,1725.0,7,12-13-2023,8,7,1.0
167,167,downwards,0.109375,21.0,620856434907686,0.0,0.0,0.0,841.0,7,12-13-2023,8,7,0.0
168,168,downwards,0.109375,22.0,589037721408239,1.0,1.0,0.0,528.0,7,12-13-2023,8,7,1.0
169,169,downwards,0.109375,22.0,586994455133371,1.0,1.0,0.0,1337.0,7,12-13-2023,8,7,1.0
170,170,downwards,0.109375,22.0,810776187068695,1.0,1.0,0.0,2137.0,7,12-13-2023,8,7,1.0
171,171,downwards,0.109375,22.0,776347950518335,0.0,0.0,0.0,1542.0,7,12-13-2023,8,7,0.0
172,172,downwards,0.109375,22.0,754052083594053,0.0,0.0,0.0,1705.0,7,12-13-2023,8,7,0.0
173,173,downwards,0.109375,22.0,644915145220339,1.0,1.0,0.0,1485.0,7,12-13-2023,8,7,1.0
174,174,downwards,0.109375,22.0,245554916079783,1.0,1.0,0.0,3155.0,7,12-13-2023,8,7,1.0
175,175,downwards,0.109375,22.0,620856434907686,0.0,0.0,0.0,1560.0,7,12-13-2023,8,7,0.0
176,176,downwards,0.109375,23.0,589037721408239,1.0,-1.0,0.0,697.0,7,12-13-2023,8,7,1.0
177,177,downwards,0.109375,23.0,586994455133371,1.0,-1.0,0.0,1200.0,7,12-13-2023,8,7,1.0
178,178,downwards,0.109375,23.0,810776187068695,1.0,-1.0,0.0,1341.0,7,12-13-2023,8,7,1.0
179,179,downwards,0.109375,23.0,776347950518335,1.0,-1.0,0.0,1432.0,7,12-13-2023,8,7,1.0
180,180,downwards,0.109375,23.0,754052083594053,1.0,-1.0,0.0,1982.0,7,12-13-2023,8,7,1.0
181,181,downwards,0.109375,23.0,644915145220339,1.0,-1.0,0.0,3418.0,7,12-13-2023,8,7,1.0
182,182,downwards,0.109375,23.0,245554916079783,1.0,-1.0,0.0,2117.0,7,12-13-2023,8,7,1.0
183,183,downwards,0.109375,23.0,620856434907686,1.0,-1.0,0.0,2989.0,7,12-13-2023,8,7,1.0
184,184,downwards,0.109375,24.0,589037721408239,1.0,1.0,0.0,679.0,7,12-13-2023,8,7,1.0
185,185,downwards,0.109375,24.0,586994455133371,1.0,1.0,0.0,1614.0,7,12-13-2023,8,7,1.0
186,186,downwards,0.109375,24.0,810776187068695,1.0,1.0,0.0,1484.0,7,12-13-2023,8,7,1.0
187,187,downwards,0.109375,24.0,776347950518335,0.0,0.0,0.0,1431.0,7,12-13-2023,8,7,0.0
188,188,downwards,0.109375,24.0,754052083594053,1.0,1.0,0.0,2187.0,7,12-13-2023,8,7,1.0
189,189,downwards,0.109375,24.0,644915145220339,1.0,1.0,0.0,1027.0,7,12-13-2023,8,7,1.0
190,190,downwards,0.109375,24.0,245554916079783,1.0,1.0,0.0,1438.0,7,12-13-2023,8,7,1.0
191,191,downwards,0.109375,24.0,620856434907686,0.0,0.0,0.0,804.0,7,12-13-2023,8,7,0.0
192,192,downwards,0.109375,25.0,589037721408239,1.0,1.0,0.0,544.0,7,12-13-2023,8,7,1.0
193,193,downwards,0.109375,25.0,586994455133371,0.0,0.0,0.0,1543.0,7,12-13-2023,8,7,0.0
194,194,downwards,0.109375,25.0,810776187068695,1.0,1.0,0.0,1296.0,7,12-13-2023,8,7,1.0
195,195,downwards,0.109375,25.0,776347950518335,1.0,1.0,0.0,2634.0,7,12-13-2023,8,7,1.0
196,196,downwards,0.109375,25.0,754052083594053,1.0,1.0,0.0,1262.0,7,12-13-2023,8,7,1.0
197,197,downwards,0.109375,25.0,644915145220339,0.0,0.0,0.0,1208.0,7,12-13-2023,8,7,0.0
198,198,downwards,0.109375,25.0,245554916079783,1.0,1.0,0.0,2376.0,7,12-13-2023,8,7,1.0
199,199,downwards,0.109375,25.0,620856434907686,0.0,0.0,0.0,1390.0,7,12-13-2023,8,7,0.0
200,200,downwards,0.109375,26.0,589037721408239,1.0,1.0,0.0,551.0,7,12-13-2023,8,7,1.0
201,201,downwards,0.109375,26.0,586994455133371,0.0,0.0,0.0,1422.0,7,12-13-2023,8,7,0.0
202,202,downwards,0.109375,26.0,810776187068695,0.0,0.0,0.0,1378.0,7,12-13-2023,8,7,0.0
203,203,downwards,0.109375,26.0,776347950518335,0.0,0.0,0.0,1473.0,7,12-13-2023,8,7,0.0
204,204,downwards,0.109375,26.0,754052083594053,1.0,1.0,0.0,1650.0,7,12-13-2023,8,7,1.0
205,205,downwards,0.109375,26.0,644915145220339,1.0,1.0,0.0,1225.0,7,12-13-2023,8,7,1.0
206,206,downwards,0.109375,26.0,245554916079783,1.0,1.0,0.0,1274.0,7,12-13-2023,8,7,1.0
207,207,downwards,0.109375,26.0,620856434907686,0.0,0.0,0.0,784.0,7,12-13-2023,8,7,0.0
208,208,downwards,0.109375,27.0,589037721408239,1.0,1.0,0.0,566.0,7,12-13-2023,8,7,1.0
209,209,downwards,0.109375,27.0,586994455133371,1.0,1.0,0.0,1199.0,7,12-13-2023,8,7,1.0
210,210,downwards,0.109375,27.0,810776187068695,1.0,1.0,0.0,1554.0,7,12-13-2023,8,7,1.0
211,211,downwards,0.109375,27.0,776347950518335,1.0,1.0,0.0,2627.0,7,12-13-2023,8,7,1.0
212,212,downwards,0.109375,27.0,754052083594053,0.0,0.0,0.0,1459.0,7,12-13-2023,8,7,0.0
213,213,downwards,0.109375,27.0,644915145220339,0.0,0.0,0.0,1214.0,7,12-13-2023,8,7,0.0
214,214,downwards,0.109375,27.0,245554916079783,1.0,1.0,0.0,2302.0,7,12-13-2023,8,7,1.0
215,215,downwards,0.109375,27.0,620856434907686,1.0,1.0,0.0,983.0,7,12-13-2023,8,7,1.0
216,216,downwards,0.109375,28.0,589037721408239,1.0,1.0,0.0,625.0,7,12-13-2023,8,7,1.0
217,217,downwards,0.109375,28.0,586994455133371,0.0,0.0,0.0,1996.0,7,12-13-2023,8,7,0.0
218,218,downwards,0.109375,28.0,810776187068695,1.0,1.0,0.0,1959.0,7,12-13-2023,8,7,1.0
219,219,downwards,0.109375,28.0,776347950518335,0.0,0.0,0.0,1075.0,7,12-13-2023,8,7,0.0
220,220,downwards,0.109375,28.0,754052083594053,1.0,1.0,0.0,1463.0,7,12-13-2023,8,7,1.0
221,221,downwards,0.109375,28.0,644915145220339,1.0,1.0,0.0,1340.0,7,12-13-2023,8,7,1.0
222,222,downwards,0.109375,28.0,245554916079783,1.0,1.0,0.0,1470.0,7,12-13-2023,8,7,1.0
223,223,downwards,0.109375,28.0,620856434907686,1.0,1.0,0.0,1088.0,7,12-13-2023,8,7,1.0
224,224,downwards,0.109375,29.0,589037721408239,1.0,1.0,0.0,471.0,7,12-13-2023,8,7,1.0
225,225,downwards,0.109375,29.0,586994455133371,1.0,1.0,0.0,1358.0,7,12-13-2023,8,7,1.0
226,226,downwards,0.109375,29.0,810776187068695,1.0,1.0,0.0,2323.0,7,12-13-2023,8,7,1.0
227,227,downwards,0.109375,29.0,776347950518335,1.0,1.0,0.0,1484.0,7,12-13-2023,8,7,1.0
228,228,downwards,0.109375,29.0,754052083594053,1.0,1.0,0.0,1850.0,7,12-13-2023,8,7,1.0
229,229,downwards,0.109375,29.0,644915145220339,0.0,0.0,0.0,1073.0,7,12-13-2023,8,7,0.0
230,230,downwards,0.109375,29.0,245554916079783,1.0,1.0,0.0,1515.0,7,12-13-2023,8,7,1.0
231,231,downwards,0.109375,29.0,620856434907686,1.0,1.0,0.0,1120.0,7,12-13-2023,8,7,1.0
232,232,downwards,0.109375,30.0,589037721408239,1.0,1.0,0.0,542.0,7,12-13-2023,8,7,1.0
233,233,downwards,0.109375,30.0,586994455133371,1.0,1.0,0.0,2247.0,7,12-13-2023,8,7,1.0
234,234,downwards,0.109375,30.0,810776187068695,1.0,1.0,0.0,1455.0,7,12-13-2023,8,7,1.0
235,235,downwards,0.109375,30.0,776347950518335,0.0,0.0,0.0,2115.0,7,12-13-2023,8,7,0.0
236,236,downwards,0.109375,30.0,754052083594053,1.0,1.0,0.0,1187.0,7,12-13-2023,8,7,1.0
237,237,downwards,0.109375,30.0,644915145220339,1.0,1.0,0.0,941.0,7,12-13-2023,8,7,1.0
238,238,downwards,0.109375,30.0,245554916079783,1.0,1.0,0.0,2858.0,7,12-13-2023,8,7,1.0
239,239,downwards,0.109375,30.0,620856434907686,0.0,0.0,0.0,1412.0,7,12-13-2023,8,7,0.0
240,720,downwards,0.109375,1.0,312023415382283,1.0,1.0,0.0,3276.0,11,12-13-2023,8,11,1.0
241,721,downwards,0.109375,1.0,608233835868441,1.0,1.0,0.0,4766.0,11,12-13-2023,8,11,1.0
242,722,downwards,0.109375,1.0,915820846225480,1.0,1.0,0.0,8107.0,11,12-13-2023,8,11,1.0
243,723,downwards,0.109375,1.0,816275214336262,1.0,1.0,0.0,7232.0,11,12-13-2023,8,11,1.0
244,724,downwards,0.109375,1.0,588932270561776,1.0,1.0,0.0,6672.0,11,12-13-2023,8,11,1.0
245,725,downwards,0.109375,1.0,878067545583829,0.0,0.0,0.0,6520.0,11,12-13-2023,8,11,0.0
246,726,downwards,0.109375,1.0,804523614098417,0.0,0.0,0.0,5556.0,11,12-13-2023,8,11,0.0
247,727,downwards,0.109375,1.0,586033998891374,1.0,1.0,0.0,6977.0,11,12-13-2023,8,11,1.0
248,728,downwards,0.109375,2.0,312023415382283,1.0,1.0,0.0,1716.0,11,12-13-2023,8,11,1.0
249,729,downwards,0.109375,2.0,608233835868441,1.0,1.0,0.0,2079.0,11,12-13-2023,8,11,1.0
250,730,downwards,0.109375,2.0,915820846225480,0.0,0.0,0.0,4865.0,11,12-13-2023,8,11,0.0
251,731,downwards,0.109375,2.0,816275214336262,1.0,1.0,0.0,4715.0,11,12-13-2023,8,11,1.0
252,732,downwards,0.109375,2.0,588932270561776,0.0,0.0,0.0,2829.0,11,12-13-2023,8,11,0.0
253,733,downwards,0.109375,2.0,878067545583829,1.0,1.0,0.0,4292.0,11,12-13-2023,8,11,1.0
254,734,downwards,0.109375,2.0,804523614098417,1.0,1.0,0.0,2948.0,11,12-13-2023,8,11,1.0
255,735,downwards,0.109375,2.0,586033998891374,1.0,1.0,0.0,3421.0,11,12-13-2023,8,11,1.0
256,736,downwards,0.109375,3.0,312023415382283,0.0,0.0,0.0,1959.0,11,12-13-2023,8,11,0.0
257,737,downwards,0.109375,3.0,608233835868441,1.0,1.0,0.0,1076.0,11,12-13-2023,8,11,1.0
258,738,downwards,0.109375,3.0,915820846225480,1.0,1.0,0.0,2874.0,11,12-13-2023,8,11,1.0
259,739,downwards,0.109375,3.0,816275214336262,1.0,1.0,0.0,3660.0,11,12-13-2023,8,11,1.0
260,740,downwards,0.109375,3.0,588932270561776,0.0,0.0,0.0,2387.0,11,12-13-2023,8,11,0.0
261,741,downwards,0.109375,3.0,878067545583829,1.0,1.0,0.0,5844.0,11,12-13-2023,8,11,1.0
262,742,downwards,0.109375,3.0,804523614098417,0.0,0.0,0.0,3082.0,11,12-13-2023,8,11,0.0
263,743,downwards,0.109375,3.0,586033998891374,1.0,1.0,0.0,2979.0,11,12-13-2023,8,11,1.0
264,744,downwards,0.109375,4.0,312023415382283,1.0,1.0,0.0,1171.0,11,12-13-2023,8,11,1.0
265,745,downwards,0.109375,4.0,608233835868441,1.0,1.0,0.0,1353.0,11,12-13-2023,8,11,1.0
266,746,downwards,0.109375,4.0,915820846225480,1.0,1.0,0.0,4877.0,11,12-13-2023,8,11,1.0
267,747,downwards,0.109375,4.0,816275214336262,1.0,1.0,0.0,3657.0,11,12-13-2023,8,11,1.0
268,748,downwards,0.109375,4.0,588932270561776,1.0,1.0,0.0,1151.0,11,12-13-2023,8,11,1.0
269,749,downwards,0.109375,4.0,878067545583829,0.0,0.0,0.0,2886.0,11,12-13-2023,8,11,0.0
270,750,downwards,0.109375,4.0,804523614098417,1.0,1.0,0.0,2115.0,11,12-13-2023,8,11,1.0
271,751,downwards,0.109375,4.0,586033998891374,0.0,0.0,0.0,1789.0,11,12-13-2023,8,11,0.0
272,752,downwards,0.109375,5.0,312023415382283,1.0,1.0,0.0,2288.0,11,12-13-2023,8,11,1.0
273,753,downwards,0.109375,5.0,608233835868441,1.0,1.0,0.0,3472.0,11,12-13-2023,8,11,1.0
274,754,downwards,0.109375,5.0,915820846225480,0.0,0.0,0.0,1439.0,11,12-13-2023,8,11,0.0
275,755,downwards,0.109375,5.0,816275214336262,1.0,1.0,0.0,3043.0,11,12-13-2023,8,11,1.0
276,756,downwards,0.109375,5.0,588932270561776,1.0,1.0,0.0,1385.0,11,12-13-2023,8,11,1.0
277,757,downwards,0.109375,5.0,878067545583829,0.0,0.0,0.0,3502.0,11,12-13-2023,8,11,0.0
278,758,downwards,0.109375,5.0,804523614098417,1.0,1.0,0.0,3578.0,11,12-13-2023,8,11,1.0
279,759,downwards,0.109375,5.0,586033998891374,1.0,1.0,0.0,1319.0,11,12-13-2023,8,11,1.0
280,760,downwards,0.109375,6.0,312023415382283,1.0,1.0,0.0,1073.0,11,12-13-2023,8,11,1.0
281,761,downwards,0.109375,6.0,608233835868441,1.0,1.0,0.0,2425.0,11,12-13-2023,8,11,1.0
282,762,downwards,0.109375,6.0,915820846225480,1.0,1.0,0.0,2867.0,11,12-13-2023,8,11,1.0
283,763,downwards,0.109375,6.0,816275214336262,1.0,1.0,0.0,3352.0,11,12-13-2023,8,11,1.0
284,764,downwards,0.109375,6.0,588932270561776,1.0,1.0,0.0,2645.0,11,12-13-2023,8,11,1.0
285,765,downwards,0.109375,6.0,878067545583829,1.0,1.0,0.0,1318.0,11,12-13-2023,8,11,1.0
286,766,downwards,0.109375,6.0,804523614098417,0.0,0.0,0.0,1953.0,11,12-13-2023,8,11,0.0
287,767,downwards,0.109375,6.0,586033998891374,1.0,1.0,0.0,1903.0,11,12-13-2023,8,11,1.0
288,768,downwards,0.109375,7.0,312023415382283,0.0,0.0,0.0,8384.0,11,12-13-2023,8,11,0.0
289,769,downwards,0.109375,7.0,608233835868441,1.0,1.0,0.0,2087.0,11,12-13-2023,8,11,1.0
290,770,downwards,0.109375,7.0,915820846225480,1.0,1.0,0.0,4007.0,11,12-13-2023,8,11,1.0
291,771,downwards,0.109375,7.0,816275214336262,1.0,1.0,0.0,2687.0,11,12-13-2023,8,11,1.0
292,772,downwards,0.109375,7.0,588932270561776,0.0,0.0,0.0,4507.0,11,12-13-2023,8,11,0.0
293,773,downwards,0.109375,7.0,878067545583829,1.0,1.0,0.0,2013.0,11,12-13-2023,8,11,1.0
294,774,downwards,0.109375,7.0,804523614098417,1.0,1.0,0.0,2249.0,11,12-13-2023,8,11,1.0
295,775,downwards,0.109375,7.0,586033998891374,1.0,1.0,0.0,2730.0,11,12-13-2023,8,11,1.0
296,776,downwards,0.109375,8.0,312023415382283,1.0,1.0,0.0,1269.0,11,12-13-2023,8,11,1.0
297,777,downwards,0.109375,8.0,608233835868441,1.0,1.0,0.0,3369.0,11,12-13-2023,8,11,1.0
298,778,downwards,0.109375,8.0,915820846225480,0.0,0.0,0.0,2291.0,11,12-13-2023,8,11,0.0
299,779,downwards,0.109375,8.0,816275214336262,1.0,1.0,0.0,4264.0,11,12-13-2023,8,11,1.0
300,780,downwards,0.109375,8.0,588932270561776,1.0,1.0,0.0,1053.0,11,12-13-2023,8,11,1.0
301,781,downwards,0.109375,8.0,878067545583829,1.0,1.0,0.0,3609.0,11,12-13-2023,8,11,1.0
302,782,downwards,0.109375,8.0,804523614098417,1.0,1.0,0.0,1420.0,11,12-13-2023,8,11,1.0
303,783,downwards,0.109375,8.0,586033998891374,0.0,0.0,0.0,1213.0,11,12-13-2023,8,11,0.0
304,784,downwards,0.109375,9.0,312023415382283,1.0,1.0,0.0,1215.0,11,12-13-2023,8,11,1.0
305,785,downwards,0.109375,9.0,608233835868441,1.0,1.0,0.0,1631.0,11,12-13-2023,8,11,1.0
306,786,downwards,0.109375,9.0,915820846225480,1.0,1.0,0.0,2749.0,11,12-13-2023,8,11,1.0
307,787,downwards,0.109375,9.0,816275214336262,1.0,1.0,0.0,4117.0,11,12-13-2023,8,11,1.0
308,788,downwards,0.109375,9.0,588932270561776,1.0,1.0,0.0,1075.0,11,12-13-2023,8,11,1.0
309,789,downwards,0.109375,9.0,878067545583829,0.0,0.0,0.0,2524.0,11,12-13-2023,8,11,0.0
310,790,downwards,0.109375,9.0,804523614098417,1.0,1.0,0.0,1970.0,11,12-13-2023,8,11,1.0
311,791,downwards,0.109375,9.0,586033998891374,1.0,1.0,0.0,1402.0,11,12-13-2023,8,11,1.0
312,792,downwards,0.109375,10.0,312023415382283,1.0,1.0,0.0,963.0,11,12-13-2023,8,11,1.0
313,793,downwards,0.109375,10.0,608233835868441,1.0,1.0,0.0,1585.0,11,12-13-2023,8,11,1.0
314,794,downwards,0.109375,10.0,915820846225480,1.0,1.0,0.0,2081.0,11,12-13-2023,8,11,1.0
315,795,downwards,0.109375,10.0,816275214336262,1.0,1.0,0.0,2979.0,11,12-13-2023,8,11,1.0
316,796,downwards,0.109375,10.0,588932270561776,0.0,0.0,0.0,2467.0,11,12-13-2023,8,11,0.0
317,797,downwards,0.109375,10.0,878067545583829,1.0,1.0,0.0,2409.0,11,12-13-2023,8,11,1.0
318,798,downwards,0.109375,10.0,804523614098417,1.0,1.0,0.0,2281.0,11,12-13-2023,8,11,1.0
319,799,downwards,0.109375,10.0,586033998891374,1.0,1.0,0.0,1215.0,11,12-13-2023,8,11,1.0
320,800,downwards,0.109375,11.0,312023415382283,1.0,1.0,0.0,710.0,11,12-13-2023,8,11,1.0
321,801,downwards,0.109375,11.0,608233835868441,1.0,1.0,0.0,1565.0,11,12-13-2023,8,11,1.0
322,802,downwards,0.109375,11.0,915820846225480,1.0,1.0,0.0,1016.0,11,12-13-2023,8,11,1.0
323,803,downwards,0.109375,11.0,816275214336262,1.0,1.0,0.0,4447.0,11,12-13-2023,8,11,1.0
324,804,downwards,0.109375,11.0,588932270561776,1.0,1.0,0.0,977.0,11,12-13-2023,8,11,1.0
325,805,downwards,0.109375,11.0,878067545583829,0.0,0.0,0.0,2184.0,11,12-13-2023,8,11,0.0
326,806,downwards,0.109375,11.0,804523614098417,1.0,1.0,0.0,1204.0,11,12-13-2023,8,11,1.0
327,807,downwards,0.109375,11.0,586033998891374,1.0,1.0,0.0,1671.0,11,12-13-2023,8,11,1.0
328,808,downwards,0.109375,12.0,312023415382283,1.0,1.0,0.0,1082.0,11,12-13-2023,8,11,1.0
329,809,downwards,0.109375,12.0,608233835868441,1.0,1.0,0.0,1503.0,11,12-13-2023,8,11,1.0
330,810,downwards,0.109375,12.0,915820846225480,0.0,0.0,0.0,1542.0,11,12-13-2023,8,11,0.0
331,811,downwards,0.109375,12.0,816275214336262,1.0,1.0,0.0,3914.0,11,12-13-2023,8,11,1.0
332,812,downwards,0.109375,12.0,588932270561776,0.0,0.0,0.0,2466.0,11,12-13-2023,8,11,0.0
333,813,downwards,0.109375,12.0,878067545583829,1.0,1.0,0.0,1516.0,11,12-13-2023,8,11,1.0
334,814,downwards,0.109375,12.0,804523614098417,0.0,0.0,0.0,2103.0,11,12-13-2023,8,11,0.0
335,815,downwards,0.109375,12.0,586033998891374,1.0,1.0,0.0,1787.0,11,12-13-2023,8,11,1.0
336,816,downwards,0.109375,13.0,312023415382283,1.0,1.0,0.0,925.0,11,12-13-2023,8,11,1.0
337,817,downwards,0.109375,13.0,608233835868441,1.0,1.0,0.0,1668.0,11,12-13-2023,8,11,1.0
338,818,downwards,0.109375,13.0,915820846225480,1.0,1.0,0.0,1186.0,11,12-13-2023,8,11,1.0
339,819,downwards,0.109375,13.0,816275214336262,1.0,1.0,0.0,2971.0,11,12-13-2023,8,11,1.0
340,820,downwards,0.109375,13.0,588932270561776,1.0,1.0,0.0,1191.0,11,12-13-2023,8,11,1.0
341,821,downwards,0.109375,13.0,878067545583829,1.0,1.0,0.0,1403.0,11,12-13-2023,8,11,1.0
342,822,downwards,0.109375,13.0,804523614098417,1.0,1.0,0.0,1067.0,11,12-13-2023,8,11,1.0
343,823,downwards,0.109375,13.0,586033998891374,0.0,0.0,0.0,1214.0,11,12-13-2023,8,11,0.0
344,824,downwards,0.109375,14.0,312023415382283,1.0,-1.0,0.0,2448.0,11,12-13-2023,8,11,1.0
345,825,downwards,0.109375,14.0,608233835868441,1.0,-1.0,0.0,1127.0,11,12-13-2023,8,11,1.0
346,826,downwards,0.109375,14.0,915820846225480,1.0,-1.0,0.0,1015.0,11,12-13-2023,8,11,1.0
347,827,downwards,0.109375,14.0,816275214336262,1.0,-1.0,0.0,2647.0,11,12-13-2023,8,11,1.0
348,828,downwards,0.109375,14.0,588932270561776,1.0,-1.0,0.0,1649.0,11,12-13-2023,8,11,1.0
349,829,downwards,0.109375,14.0,878067545583829,1.0,-1.0,0.0,2509.0,11,12-13-2023,8,11,1.0
350,830,downwards,0.109375,14.0,804523614098417,1.0,-1.0,0.0,1716.0,11,12-13-2023,8,11,1.0
351,831,downwards,0.109375,14.0,586033998891374,1.0,-1.0,0.0,1838.0,11,12-13-2023,8,11,1.0
352,832,downwards,0.109375,15.0,312023415382283,1.0,1.0,0.0,1632.0,11,12-13-2023,8,11,1.0
353,833,downwards,0.109375,15.0,608233835868441,1.0,1.0,0.0,1693.0,11,12-13-2023,8,11,1.0
354,834,downwards,0.109375,15.0,915820846225480,1.0,1.0,0.0,1061.0,11,12-13-2023,8,11,1.0
355,835,downwards,0.109375,15.0,816275214336262,1.0,1.0,0.0,2230.0,11,12-13-2023,8,11,1.0
356,836,downwards,0.109375,15.0,588932270561776,0.0,0.0,0.0,2816.0,11,12-13-2023,8,11,0.0
357,837,downwards,0.109375,15.0,878067545583829,1.0,1.0,0.0,1997.0,11,12-13-2023,8,11,1.0
358,838,downwards,0.109375,15.0,804523614098417,1.0,1.0,0.0,2631.0,11,12-13-2023,8,11,1.0
359,839,downwards,0.109375,15.0,586033998891374,1.0,1.0,0.0,1577.0,11,12-13-2023,8,11,1.0
360,840,downwards,0.109375,16.0,312023415382283,1.0,1.0,0.0,1998.0,11,12-13-2023,8,11,1.0
361,841,downwards,0.109375,16.0,608233835868441,1.0,1.0,0.0,1139.0,11,12-13-2023,8,11,1.0
362,842,downwards,0.109375,16.0,915820846225480,0.0,0.0,0.0,1616.0,11,12-13-2023,8,11,0.0
363,843,downwards,0.109375,16.0,816275214336262,1.0,1.0,0.0,3604.0,11,12-13-2023,8,11,1.0
364,844,downwards,0.109375,16.0,588932270561776,1.0,1.0,0.0,2175.0,11,12-13-2023,8,11,1.0
365,845,downwards,0.109375,16.0,878067545583829,0.0,0.0,0.0,1037.0,11,12-13-2023,8,11,0.0
366,846,downwards,0.109375,16.0,804523614098417,1.0,1.0,0.0,1519.0,11,12-13-2023,8,11,1.0
367,847,downwards,0.109375,16.0,586033998891374,1.0,1.0,0.0,2881.0,11,12-13-2023,8,11,1.0
368,848,downwards,0.109375,17.0,312023415382283,1.0,1.0,0.0,1346.0,11,12-13-2023,8,11,1.0
369,849,downwards,0.109375,17.0,608233835868441,1.0,1.0,0.0,1259.0,11,12-13-2023,8,11,1.0
370,850,downwards,0.109375,17.0,915820846225480,1.0,1.0,0.0,2672.0,11,12-13-2023,8,11,1.0
371,851,downwards,0.109375,17.0,816275214336262,1.0,1.0,0.0,3683.0,11,12-13-2023,8,11,1.0
372,852,downwards,0.109375,17.0,588932270561776,1.0,1.0,0.0,2495.0,11,12-13-2023,8,11,1.0
373,853,downwards,0.109375,17.0,878067545583829,1.0,1.0,0.0,1459.0,11,12-13-2023,8,11,1.0
374,854,downwards,0.109375,17.0,804523614098417,1.0,1.0,0.0,2015.0,11,12-13-2023,8,11,1.0
375,855,downwards,0.109375,17.0,586033998891374,0.0,0.0,0.0,1068.0,11,12-13-2023,8,11,0.0
376,856,downwards,0.109375,18.0,312023415382283,1.0,1.0,0.0,1805.0,11,12-13-2023,8,11,1.0
377,857,downwards,0.109375,18.0,608233835868441,1.0,1.0,0.0,1406.0,11,12-13-2023,8,11,1.0
378,858,downwards,0.109375,18.0,915820846225480,1.0,1.0,0.0,1234.0,11,12-13-2023,8,11,1.0
379,859,downwards,0.109375,18.0,816275214336262,1.0,1.0,0.0,4382.0,11,12-13-2023,8,11,1.0
380,860,downwards,0.109375,18.0,588932270561776,0.0,0.0,0.0,1432.0,11,12-13-2023,8,11,0.0
381,861,downwards,0.109375,18.0,878067545583829,1.0,1.0,0.0,1303.0,11,12-13-2023,8,11,1.0
382,862,downwards,0.109375,18.0,804523614098417,0.0,0.0,0.0,2381.0,11,12-13-2023,8,11,0.0
383,863,downwards,0.109375,18.0,586033998891374,1.0,1.0,0.0,1091.0,11,12-13-2023,8,11,1.0
384,864,downwards,0.109375,19.0,312023415382283,1.0,-1.0,0.0,1678.0,11,12-13-2023,8,11,1.0
385,865,downwards,0.109375,19.0,608233835868441,1.0,-1.0,0.0,1015.0,11,12-13-2023,8,11,1.0
386,866,downwards,0.109375,19.0,915820846225480,1.0,-1.0,0.0,1189.0,11,12-13-2023,8,11,1.0
387,867,downwards,0.109375,19.0,816275214336262,1.0,-1.0,0.0,4979.0,11,12-13-2023,8,11,1.0
388,868,downwards,0.109375,19.0,588932270561776,1.0,-1.0,0.0,928.0,11,12-13-2023,8,11,1.0
389,869,downwards,0.109375,19.0,878067545583829,1.0,-1.0,0.0,1906.0,11,12-13-2023,8,11,1.0
390,870,downwards,0.109375,19.0,804523614098417,1.0,-1.0,0.0,1435.0,11,12-13-2023,8,11,1.0
391,871,downwards,0.109375,19.0,586033998891374,1.0,-1.0,0.0,1335.0,11,12-13-2023,8,11,1.0
392,872,downwards,0.109375,20.0,312023415382283,1.0,1.0,0.0,1574.0,11,12-13-2023,8,11,1.0
393,873,downwards,0.109375,20.0,608233835868441,1.0,1.0,0.0,994.0,11,12-13-2023,8,11,1.0
394,874,downwards,0.109375,20.0,915820846225480,1.0,1.0,0.0,1342.0,11,12-13-2023,8,11,1.0
395,875,downwards,0.109375,20.0,816275214336262,1.0,1.0,0.0,2515.0,11,12-13-2023,8,11,1.0
396,876,downwards,0.109375,20.0,588932270561776,1.0,1.0,0.0,2375.0,11,12-13-2023,8,11,1.0
397,877,downwards,0.109375,20.0,878067545583829,1.0,1.0,0.0,1451.0,11,12-13-2023,8,11,1.0
398,878,downwards,0.109375,20.0,804523614098417,0.0,0.0,0.0,4191.0,11,12-13-2023,8,11,0.0
399,879,downwards,0.109375,20.0,586033998891374,1.0,1.0,0.0,1868.0,11,12-13-2023,8,11,1.0
400,880,downwards,0.109375,21.0,312023415382283,1.0,1.0,0.0,1818.0,11,12-13-2023,8,11,1.0
401,881,downwards,0.109375,21.0,608233835868441,1.0,1.0,0.0,1440.0,11,12-13-2023,8,11,1.0
402,882,downwards,0.109375,21.0,915820846225480,1.0,1.0,0.0,1167.0,11,12-13-2023,8,11,1.0
403,883,downwards,0.109375,21.0,816275214336262,1.0,1.0,0.0,3444.0,11,12-13-2023,8,11,1.0
404,884,downwards,0.109375,21.0,588932270561776,0.0,0.0,0.0,1236.0,11,12-13-2023,8,11,0.0
405,885,downwards,0.109375,21.0,878067545583829,1.0,1.0,0.0,1464.0,11,12-13-2023,8,11,1.0
406,886,downwards,0.109375,21.0,804523614098417,1.0,1.0,0.0,2907.0,11,12-13-2023,8,11,1.0
407,887,downwards,0.109375,21.0,586033998891374,0.0,0.0,0.0,1594.0,11,12-13-2023,8,11,0.0
408,888,downwards,0.109375,22.0,312023415382283,1.0,1.0,0.0,1618.0,11,12-13-2023,8,11,1.0
409,889,downwards,0.109375,22.0,608233835868441,1.0,1.0,0.0,1660.0,11,12-13-2023,8,11,1.0
410,890,downwards,0.109375,22.0,915820846225480,0.0,0.0,0.0,1532.0,11,12-13-2023,8,11,0.0
411,891,downwards,0.109375,22.0,816275214336262,1.0,1.0,0.0,2481.0,11,12-13-2023,8,11,1.0
412,892,downwards,0.109375,22.0,588932270561776,0.0,0.0,0.0,1960.0,11,12-13-2023,8,11,0.0
413,893,downwards,0.109375,22.0,878067545583829,1.0,1.0,0.0,1440.0,11,12-13-2023,8,11,1.0
414,894,downwards,0.109375,22.0,804523614098417,1.0,1.0,0.0,1554.0,11,12-13-2023,8,11,1.0
415,895,downwards,0.109375,22.0,586033998891374,1.0,1.0,0.0,1793.0,11,12-13-2023,8,11,1.0
416,896,downwards,0.109375,23.0,312023415382283,1.0,1.0,0.0,1542.0,11,12-13-2023,8,11,1.0
417,897,downwards,0.109375,23.0,608233835868441,1.0,1.0,0.0,1442.0,11,12-13-2023,8,11,1.0
418,898,downwards,0.109375,23.0,915820846225480,0.0,0.0,0.0,1059.0,11,12-13-2023,8,11,0.0
419,899,downwards,0.109375,23.0,816275214336262,1.0,1.0,0.0,3352.0,11,12-13-2023,8,11,1.0
420,900,downwards,0.109375,23.0,588932270561776,1.0,1.0,0.0,1538.0,11,12-13-2023,8,11,1.0
421,901,downwards,0.109375,23.0,878067545583829,1.0,1.0,0.0,1333.0,11,12-13-2023,8,11,1.0
422,902,downwards,0.109375,23.0,804523614098417,0.0,0.0,0.0,1667.0,11,12-13-2023,8,11,0.0
423,903,downwards,0.109375,23.0,586033998891374,0.0,0.0,0.0,1043.0,11,12-13-2023,8,11,0.0
424,904,downwards,0.109375,24.0,312023415382283,1.0,-1.0,0.0,1306.0,11,12-13-2023,8,11,1.0
425,905,downwards,0.109375,24.0,608233835868441,1.0,-1.0,0.0,1264.0,11,12-13-2023,8,11,1.0
426,906,downwards,0.109375,24.0,915820846225480,1.0,-1.0,0.0,820.0,11,12-13-2023,8,11,1.0
427,907,downwards,0.109375,24.0,816275214336262,1.0,-1.0,0.0,2213.0,11,12-13-2023,8,11,1.0
428,908,downwards,0.109375,24.0,588932270561776,1.0,-1.0,0.0,1237.0,11,12-13-2023,8,11,1.0
429,909,downwards,0.109375,24.0,878067545583829,1.0,-1.0,0.0,1525.0,11,12-13-2023,8,11,1.0
430,910,downwards,0.109375,24.0,804523614098417,1.0,-1.0,0.0,1856.0,11,12-13-2023,8,11,1.0
431,911,downwards,0.109375,24.0,586033998891374,1.0,-1.0,0.0,1100.0,11,12-13-2023,8,11,1.0
432,912,downwards,0.109375,25.0,312023415382283,1.0,1.0,0.0,931.0,11,12-13-2023,8,11,1.0
433,913,downwards,0.109375,25.0,608233835868441,1.0,1.0,0.0,817.0,11,12-13-2023,8,11,1.0
434,914,downwards,0.109375,25.0,915820846225480,1.0,1.0,0.0,818.0,11,12-13-2023,8,11,1.0
435,915,downwards,0.109375,25.0,816275214336262,1.0,1.0,0.0,2523.0,11,12-13-2023,8,11,1.0
436,916,downwards,0.109375,25.0,588932270561776,0.0,0.0,0.0,1159.0,11,12-13-2023,8,11,0.0
437,917,downwards,0.109375,25.0,878067545583829,0.0,0.0,0.0,1374.0,11,12-13-2023,8,11,0.0
438,918,downwards,0.109375,25.0,804523614098417,1.0,1.0,0.0,1335.0,11,12-13-2023,8,11,1.0
439,919,downwards,0.109375,25.0,586033998891374,1.0,1.0,0.0,947.0,11,12-13-2023,8,11,1.0
440,920,downwards,0.109375,26.0,312023415382283,1.0,-1.0,0.0,967.0,11,12-13-2023,8,11,1.0
441,921,downwards,0.109375,26.0,608233835868441,1.0,-1.0,0.0,935.0,11,12-13-2023,8,11,1.0
442,922,downwards,0.109375,26.0,915820846225480,1.0,-1.0,0.0,529.0,11,12-13-2023,8,11,1.0
443,923,downwards,0.109375,26.0,816275214336262,1.0,-1.0,0.0,1678.0,11,12-13-2023,8,11,1.0
444,924,downwards,0.109375,26.0,588932270561776,1.0,-1.0,0.0,1599.0,11,12-13-2023,8,11,1.0
445,925,downwards,0.109375,26.0,878067545583829,1.0,-1.0,0.0,1171.0,11,12-13-2023,8,11,1.0
446,926,downwards,0.109375,26.0,804523614098417,1.0,-1.0,0.0,1296.0,11,12-13-2023,8,11,1.0
447,927,downwards,0.109375,26.0,586033998891374,1.0,-1.0,0.0,756.0,11,12-13-2023,8,11,1.0
448,928,downwards,0.109375,27.0,312023415382283,1.0,1.0,0.0,1354.0,11,12-13-2023,8,11,1.0
449,929,downwards,0.109375,27.0,608233835868441,1.0,1.0,0.0,1011.0,11,12-13-2023,8,11,1.0
450,930,downwards,0.109375,27.0,915820846225480,1.0,1.0,0.0,1335.0,11,12-13-2023,8,11,1.0
451,931,downwards,0.109375,27.0,816275214336262,1.0,1.0,0.0,1893.0,11,12-13-2023,8,11,1.0
452,932,downwards,0.109375,27.0,588932270561776,0.0,0.0,0.0,1053.0,11,12-13-2023,8,11,0.0
453,933,downwards,0.109375,27.0,878067545583829,1.0,1.0,0.0,1265.0,11,12-13-2023,8,11,1.0
454,934,downwards,0.109375,27.0,804523614098417,1.0,1.0,0.0,1056.0,11,12-13-2023,8,11,1.0
455,935,downwards,0.109375,27.0,586033998891374,1.0,1.0,0.0,751.0,11,12-13-2023,8,11,1.0
456,936,downwards,0.109375,28.0,312023415382283,1.0,1.0,0.0,1320.0,11,12-13-2023,8,11,1.0
457,937,downwards,0.109375,28.0,608233835868441,1.0,1.0,0.0,1651.0,11,12-13-2023,8,11,1.0
458,938,downwards,0.109375,28.0,915820846225480,0.0,0.0,0.0,1186.0,11,12-13-2023,8,11,0.0
459,939,downwards,0.109375,28.0,816275214336262,1.0,1.0,0.0,2177.0,11,12-13-2023,8,11,1.0
460,940,downwards,0.109375,28.0,588932270561776,1.0,1.0,0.0,913.0,11,12-13-2023,8,11,1.0
461,941,downwards,0.109375,28.0,878067545583829,1.0,1.0,0.0,1652.0,11,12-13-2023,8,11,1.0
462,942,downwards,0.109375,28.0,804523614098417,1.0,1.0,0.0,3503.0,11,12-13-2023,8,11,1.0
463,943,downwards,0.109375,28.0,586033998891374,0.0,0.0,0.0,775.0,11,12-13-2023,8,11,0.0
464,944,downwards,0.109375,29.0,312023415382283,1.0,1.0,0.0,1459.0,11,12-13-2023,8,11,1.0
465,945,downwards,0.109375,29.0,608233835868441,0.0,0.0,0.0,1249.0,11,12-13-2023,8,11,0.0
466,946,downwards,0.109375,29.0,915820846225480,0.0,0.0,0.0,906.0,11,12-13-2023,8,11,0.0
467,947,downwards,0.109375,29.0,816275214336262,1.0,1.0,0.0,2485.0,11,12-13-2023,8,11,1.0
468,948,downwards,0.109375,29.0,588932270561776,1.0,1.0,0.0,1036.0,11,12-13-2023,8,11,1.0
469,949,downwards,0.109375,29.0,878067545583829,1.0,1.0,0.0,1310.0,11,12-13-2023,8,11,1.0
470,950,downwards,0.109375,29.0,804523614098417,0.0,0.0,0.0,1784.0,11,12-13-2023,8,11,0.0
471,951,downwards,0.109375,29.0,586033998891374,0.0,0.0,0.0,1039.0,11,12-13-2023,8,11,0.0
472,952,downwards,0.109375,30.0,312023415382283,0.0,0.0,0.0,1121.0,11,12-13-2023,8,11,0.0
473,953,downwards,0.109375,30.0,608233835868441,0.0,0.0,0.0,1064.0,11,12-13-2023,8,11,0.0
474,954,downwards,0.109375,30.0,915820846225480,1.0,1.0,0.0,1214.0,11,12-13-2023,8,11,1.0
475,955,downwards,0.109375,30.0,816275214336262,1.0,1.0,0.0,1912.0,11,12-13-2023,8,11,1.0
476,956,downwards,0.109375,30.0,588932270561776,1.0,1.0,0.0,1190.0,11,12-13-2023,8,11,1.0
477,957,downwards,0.109375,30.0,878067545583829,1.0,1.0,0.0,1317.0,11,12-13-2023,8,11,1.0
478,958,downwards,0.109375,30.0,804523614098417,1.0,1.0,0.0,2815.0,11,12-13-2023,8,11,1.0
479,959,downwards,0.109375,30.0,586033998891374,1.0,1.0,0.0,1313.0,11,12-13-2023,8,11,1.0
480,1928,upwards,0.109375,62.0,269669446721892,1.0,1.0,0.0,1872.0,39,12-13-2023,8,39,1.0
481,1929,upwards,0.109375,62.0,951679876446298,1.0,1.0,0.0,2981.0,39,12-13-2023,8,39,1.0
482,1930,upwards,0.109375,62.0,671529543553691,1.0,1.0,0.0,2446.0,39,12-13-2023,8,39,1.0
483,1931,upwards,0.109375,62.0,298732613139332,1.0,1.0,0.0,1924.0,39,12-13-2023,8,39,1.0
484,1932,upwards,0.109375,62.0,314656848605435,1.0,1.0,0.0,4323.0,39,12-13-2023,8,39,1.0
485,1933,upwards,0.109375,62.0,356500403025635,1.0,1.0,0.0,2119.0,39,12-13-2023,8,39,1.0
486,1934,upwards,0.109375,62.0,478777187003745,0.0,0.0,0.0,5772.0,39,12-13-2023,8,39,0.0
487,1935,upwards,0.109375,62.0,907916768032174,1.0,1.0,0.0,4374.0,39,12-13-2023,8,39,1.0
488,1936,upwards,0.109375,63.0,269669446721892,1.0,1.0,0.0,1568.0,39,12-13-2023,8,39,1.0
489,1937,upwards,0.109375,63.0,951679876446298,1.0,1.0,0.0,4521.0,39,12-13-2023,8,39,1.0
490,1938,upwards,0.109375,63.0,671529543553691,1.0,1.0,0.0,1722.0,39,12-13-2023,8,39,1.0
491,1939,upwards,0.109375,63.0,298732613139332,1.0,1.0,0.0,1330.0,39,12-13-2023,8,39,1.0
492,1940,upwards,0.109375,63.0,314656848605435,1.0,1.0,0.0,2673.0,39,12-13-2023,8,39,1.0
493,1941,upwards,0.109375,63.0,356500403025635,0.0,0.0,0.0,1499.0,39,12-13-2023,8,39,0.0
494,1942,upwards,0.109375,63.0,478777187003745,1.0,1.0,0.0,2608.0,39,12-13-2023,8,39,1.0
495,1943,upwards,0.109375,63.0,907916768032174,0.0,0.0,0.0,1848.0,39,12-13-2023,8,39,0.0
496,1944,upwards,0.109375,64.0,269669446721892,1.0,-1.0,0.0,976.0,39,12-13-2023,8,39,1.0
497,1945,upwards,0.109375,64.0,951679876446298,1.0,-1.0,0.0,21019.0,39,12-13-2023,8,39,1.0
498,1946,upwards,0.109375,64.0,671529543553691,1.0,-1.0,0.0,1541.0,39,12-13-2023,8,39,1.0
499,1947,upwards,0.109375,64.0,298732613139332,1.0,-1.0,0.0,1075.0,39,12-13-2023,8,39,1.0
500,1948,upwards,0.109375,64.0,314656848605435,1.0,-1.0,0.0,1083.0,39,12-13-2023,8,39,1.0
501,1949,upwards,0.109375,64.0,356500403025635,1.0,-1.0,0.0,1776.0,39,12-13-2023,8,39,1.0
502,1950,upwards,0.109375,64.0,478777187003745,1.0,-1.0,0.0,2808.0,39,12-13-2023,8,39,1.0
503,1951,upwards,0.109375,64.0,907916768032174,1.0,-1.0,0.0,748.0,39,12-13-2023,8,39,1.0
504,1952,upwards,0.109375,65.0,269669446721892,1.0,1.0,0.0,1269.0,39,12-13-2023,8,39,1.0
505,1953,upwards,0.109375,65.0,951679876446298,1.0,1.0,0.0,1840.0,39,12-13-2023,8,39,1.0
506,1954,upwards,0.109375,65.0,671529543553691,0.0,0.0,0.0,2213.0,39,12-13-2023,8,39,0.0
507,1955,upwards,0.109375,65.0,298732613139332,1.0,1.0,0.0,1647.0,39,12-13-2023,8,39,1.0
508,1956,upwards,0.109375,65.0,314656848605435,1.0,1.0,0.0,1503.0,39,12-13-2023,8,39,1.0
509,1957,upwards,0.109375,65.0,356500403025635,0.0,0.0,0.0,1342.0,39,12-13-2023,8,39,0.0
510,1958,upwards,0.109375,65.0,478777187003745,1.0,1.0,0.0,1022.0,39,12-13-2023,8,39,1.0
511,1959,upwards,0.109375,65.0,907916768032174,1.0,1.0,0.0,813.0,39,12-13-2023,8,39,1.0
512,1960,upwards,0.109375,66.0,269669446721892,1.0,1.0,0.0,1200.0,39,12-13-2023,8,39,1.0
513,1961,upwards,0.109375,66.0,951679876446298,1.0,1.0,0.0,2184.0,39,12-13-2023,8,39,1.0
514,1962,upwards,0.109375,66.0,671529543553691,1.0,1.0,0.0,1710.0,39,12-13-2023,8,39,1.0
515,1963,upwards,0.109375,66.0,298732613139332,1.0,1.0,0.0,1198.0,39,12-13-2023,8,39,1.0
516,1964,upwards,0.109375,66.0,314656848605435,1.0,1.0,0.0,1466.0,39,12-13-2023,8,39,1.0
517,1965,upwards,0.109375,66.0,356500403025635,0.0,0.0,0.0,1268.0,39,12-13-2023,8,39,0.0
518,1966,upwards,0.109375,66.0,478777187003745,1.0,1.0,0.0,1325.0,39,12-13-2023,8,39,1.0
519,1967,upwards,0.109375,66.0,907916768032174,1.0,1.0,0.0,726.0,39,12-13-2023,8,39,1.0
520,1968,upwards,0.109375,67.0,269669446721892,1.0,1.0,0.0,1223.0,39,12-13-2023,8,39,1.0
521,1969,upwards,0.109375,67.0,951679876446298,1.0,1.0,0.0,1266.0,39,12-13-2023,8,39,1.0
522,1970,upwards,0.109375,67.0,671529543553691,1.0,1.0,0.0,1374.0,39,12-13-2023,8,39,1.0
523,1971,upwards,0.109375,67.0,298732613139332,1.0,1.0,0.0,1299.0,39,12-13-2023,8,39,1.0
524,1972,upwards,0.109375,67.0,314656848605435,1.0,1.0,0.0,1239.0,39,12-13-2023,8,39,1.0
525,1973,upwards,0.109375,67.0,356500403025635,0.0,0.0,0.0,1053.0,39,12-13-2023,8,39,0.0
526,1974,upwards,0.109375,67.0,478777187003745,0.0,0.0,0.0,826.0,39,12-13-2023,8,39,0.0
527,1975,upwards,0.109375,67.0,907916768032174,1.0,1.0,0.0,765.0,39,12-13-2023,8,39,1.0
528,1976,upwards,0.109375,68.0,269669446721892,1.0,1.0,0.0,1264.0,39,12-13-2023,8,39,1.0
529,1977,upwards,0.109375,68.0,951679876446298,1.0,1.0,0.0,1995.0,39,12-13-2023,8,39,1.0
530,1978,upwards,0.109375,68.0,671529543553691,0.0,0.0,0.0,1543.0,39,12-13-2023,8,39,0.0
531,1979,upwards,0.109375,68.0,298732613139332,1.0,1.0,0.0,989.0,39,12-13-2023,8,39,1.0
532,1980,upwards,0.109375,68.0,314656848605435,1.0,1.0,0.0,1183.0,39,12-13-2023,8,39,1.0
533,1981,upwards,0.109375,68.0,356500403025635,1.0,1.0,0.0,1840.0,39,12-13-2023,8,39,1.0
534,1982,upwards,0.109375,68.0,478777187003745,1.0,1.0,0.0,657.0,39,12-13-2023,8,39,1.0
535,1983,upwards,0.109375,68.0,907916768032174,1.0,1.0,0.0,1109.0,39,12-13-2023,8,39,1.0
536,1984,upwards,0.109375,69.0,269669446721892,1.0,1.0,0.0,1145.0,39,12-13-2023,8,39,1.0
537,1985,upwards,0.109375,69.0,951679876446298,1.0,1.0,0.0,937.0,39,12-13-2023,8,39,1.0
538,1986,upwards,0.109375,69.0,671529543553691,1.0,1.0,0.0,1241.0,39,12-13-2023,8,39,1.0
539,1987,upwards,0.109375,69.0,298732613139332,1.0,1.0,0.0,1125.0,39,12-13-2023,8,39,1.0
540,1988,upwards,0.109375,69.0,314656848605435,1.0,1.0,0.0,1148.0,39,12-13-2023,8,39,1.0
541,1989,upwards,0.109375,69.0,356500403025635,1.0,1.0,0.0,1242.0,39,12-13-2023,8,39,1.0
542,1990,upwards,0.109375,69.0,478777187003745,0.0,0.0,0.0,1022.0,39,12-13-2023,8,39,0.0
543,1991,upwards,0.109375,69.0,907916768032174,0.0,0.0,0.0,956.0,39,12-13-2023,8,39,0.0
544,1992,upwards,0.109375,70.0,269669446721892,1.0,-1.0,0.0,919.0,39,12-13-2023,8,39,1.0
545,1993,upwards,0.109375,70.0,951679876446298,1.0,-1.0,0.0,866.0,39,12-13-2023,8,39,1.0
546,1994,upwards,0.109375,70.0,671529543553691,1.0,-1.0,0.0,8858.0,39,12-13-2023,8,39,1.0
547,1995,upwards,0.109375,70.0,298732613139332,1.0,-1.0,0.0,973.0,39,12-13-2023,8,39,1.0
548,1996,upwards,0.109375,70.0,314656848605435,1.0,-1.0,0.0,1314.0,39,12-13-2023,8,39,1.0
549,1997,upwards,0.109375,70.0,356500403025635,1.0,-1.0,0.0,812.0,39,12-13-2023,8,39,1.0
550,1998,upwards,0.109375,70.0,478777187003745,1.0,-1.0,0.0,879.0,39,12-13-2023,8,39,1.0
551,1999,upwards,0.109375,70.0,907916768032174,1.0,-1.0,0.0,1423.0,39,12-13-2023,8,39,1.0
552,2000,upwards,0.109375,71.0,269669446721892,1.0,1.0,0.0,988.0,39,12-13-2023,8,39,1.0
553,2001,upwards,0.109375,71.0,951679876446298,1.0,1.0,0.0,961.0,39,12-13-2023,8,39,1.0
554,2002,upwards,0.109375,71.0,671529543553691,1.0,1.0,0.0,10908.0,39,12-13-2023,8,39,1.0
555,2003,upwards,0.109375,71.0,298732613139332,1.0,1.0,0.0,810.0,39,12-13-2023,8,39,1.0
556,2004,upwards,0.109375,71.0,314656848605435,1.0,1.0,0.0,862.0,39,12-13-2023,8,39,1.0
557,2005,upwards,0.109375,71.0,356500403025635,1.0,1.0,0.0,1156.0,39,12-13-2023,8,39,1.0
558,2006,upwards,0.109375,71.0,478777187003745,0.0,0.0,0.0,1395.0,39,12-13-2023,8,39,0.0
559,2007,upwards,0.109375,71.0,907916768032174,1.0,1.0,0.0,718.0,39,12-13-2023,8,39,1.0
560,2008,upwards,0.109375,72.0,269669446721892,1.0,1.0,0.0,1051.0,39,12-13-2023,8,39,1.0
561,2009,upwards,0.109375,72.0,951679876446298,1.0,1.0,0.0,1182.0,39,12-13-2023,8,39,1.0
562,2010,upwards,0.109375,72.0,671529543553691,0.0,0.0,0.0,8820.0,39,12-13-2023,8,39,0.0
563,2011,upwards,0.109375,72.0,298732613139332,1.0,1.0,0.0,895.0,39,12-13-2023,8,39,1.0
564,2012,upwards,0.109375,72.0,314656848605435,1.0,1.0,0.0,1844.0,39,12-13-2023,8,39,1.0
565,2013,upwards,0.109375,72.0,356500403025635,1.0,1.0,0.0,1140.0,39,12-13-2023,8,39,1.0
566,2014,upwards,0.109375,72.0,478777187003745,1.0,1.0,0.0,1663.0,39,12-13-2023,8,39,1.0
567,2015,upwards,0.109375,72.0,907916768032174,1.0,1.0,0.0,644.0,39,12-13-2023,8,39,1.0
568,2016,upwards,0.109375,73.0,269669446721892,1.0,1.0,0.0,974.0,39,12-13-2023,8,39,1.0
569,2017,upwards,0.109375,73.0,951679876446298,1.0,1.0,0.0,862.0,39,12-13-2023,8,39,1.0
570,2018,upwards,0.109375,73.0,671529543553691,1.0,1.0,0.0,2447.0,39,12-13-2023,8,39,1.0
571,2019,upwards,0.109375,73.0,298732613139332,1.0,1.0,0.0,1267.0,39,12-13-2023,8,39,1.0
572,2020,upwards,0.109375,73.0,314656848605435,1.0,1.0,0.0,1645.0,39,12-13-2023,8,39,1.0
573,2021,upwards,0.109375,73.0,356500403025635,0.0,0.0,0.0,803.0,39,12-13-2023,8,39,0.0
574,2022,upwards,0.109375,73.0,478777187003745,1.0,1.0,0.0,1641.0,39,12-13-2023,8,39,1.0
575,2023,upwards,0.109375,73.0,907916768032174,1.0,1.0,0.0,888.0,39,12-13-2023,8,39,1.0
576,2024,upwards,0.109375,74.0,269669446721892,1.0,1.0,0.0,1212.0,39,12-13-2023,8,39,1.0
577,2025,upwards,0.109375,74.0,951679876446298,1.0,1.0,0.0,1229.0,39,12-13-2023,8,39,1.0
578,2026,upwards,0.109375,74.0,671529543553691,0.0,0.0,0.0,1580.0,39,12-13-2023,8,39,0.0
579,2027,upwards,0.109375,74.0,298732613139332,1.0,1.0,0.0,1256.0,39,12-13-2023,8,39,1.0
580,2028,upwards,0.109375,74.0,314656848605435,1.0,1.0,0.0,914.0,39,12-13-2023,8,39,1.0
581,2029,upwards,0.109375,74.0,356500403025635,0.0,0.0,0.0,953.0,39,12-13-2023,8,39,0.0
582,2030,upwards,0.109375,74.0,478777187003745,0.0,0.0,0.0,1324.0,39,12-13-2023,8,39,0.0
583,2031,upwards,0.109375,74.0,907916768032174,1.0,1.0,0.0,674.0,39,12-13-2023,8,39,1.0
584,2032,upwards,0.109375,75.0,269669446721892,1.0,1.0,0.0,1117.0,39,12-13-2023,8,39,1.0
585,2033,upwards,0.109375,75.0,951679876446298,1.0,1.0,0.0,780.0,39,12-13-2023,8,39,1.0
586,2034,upwards,0.109375,75.0,671529543553691,1.0,1.0,0.0,667.0,39,12-13-2023,8,39,1.0
587,2035,upwards,0.109375,75.0,298732613139332,1.0,1.0,0.0,904.0,39,12-13-2023,8,39,1.0
588,2036,upwards,0.109375,75.0,314656848605435,1.0,1.0,0.0,1875.0,39,12-13-2023,8,39,1.0
589,2037,upwards,0.109375,75.0,356500403025635,1.0,1.0,0.0,1266.0,39,12-13-2023,8,39,1.0
590,2038,upwards,0.109375,75.0,478777187003745,0.0,0.0,0.0,1210.0,39,12-13-2023,8,39,0.0
591,2039,upwards,0.109375,75.0,907916768032174,1.0,1.0,0.0,729.0,39,12-13-2023,8,39,1.0
592,2040,upwards,0.109375,76.0,269669446721892,1.0,1.0,0.0,1684.0,39,12-13-2023,8,39,1.0
593,2041,upwards,0.109375,76.0,951679876446298,1.0,1.0,0.0,763.0,39,12-13-2023,8,39,1.0
594,2042,upwards,0.109375,76.0,671529543553691,0.0,0.0,0.0,1483.0,39,12-13-2023,8,39,0.0
595,2043,upwards,0.109375,76.0,298732613139332,1.0,1.0,0.0,857.0,39,12-13-2023,8,39,1.0
596,2044,upwards,0.109375,76.0,314656848605435,1.0,1.0,0.0,2083.0,39,12-13-2023,8,39,1.0
597,2045,upwards,0.109375,76.0,356500403025635,0.0,0.0,0.0,1194.0,39,12-13-2023,8,39,0.0
598,2046,upwards,0.109375,76.0,478777187003745,1.0,1.0,0.0,2862.0,39,12-13-2023,8,39,1.0
599,2047,upwards,0.109375,76.0,907916768032174,0.0,0.0,0.0,826.0,39,12-13-2023,8,39,0.0
600,2048,upwards,0.109375,77.0,269669446721892,1.0,-1.0,0.0,1164.0,39,12-13-2023,8,39,1.0
601,2049,upwards,0.109375,77.0,951679876446298,1.0,-1.0,0.0,1021.0,39,12-13-2023,8,39,1.0
602,2050,upwards,0.109375,77.0,671529543553691,1.0,-1.0,0.0,2189.0,39,12-13-2023,8,39,1.0
603,2051,upwards,0.109375,77.0,298732613139332,1.0,-1.0,0.0,968.0,39,12-13-2023,8,39,1.0
604,2052,upwards,0.109375,77.0,314656848605435,1.0,-1.0,0.0,933.0,39,12-13-2023,8,39,1.0
605,2053,upwards,0.109375,77.0,356500403025635,1.0,-1.0,0.0,969.0,39,12-13-2023,8,39,1.0
606,2054,upwards,0.109375,77.0,478777187003745,1.0,-1.0,0.0,1237.0,39,12-13-2023,8,39,1.0
607,2055,upwards,0.109375,77.0,907916768032174,1.0,-1.0,0.0,721.0,39,12-13-2023,8,39,1.0
608,2056,upwards,0.109375,78.0,269669446721892,0.0,0.0,0.0,782.0,39,12-13-2023,8,39,0.0
609,2057,upwards,0.109375,78.0,951679876446298,1.0,1.0,0.0,943.0,39,12-13-2023,8,39,1.0
610,2058,upwards,0.109375,78.0,671529543553691,0.0,0.0,0.0,1112.0,39,12-13-2023,8,39,0.0
611,2059,upwards,0.109375,78.0,298732613139332,1.0,1.0,0.0,720.0,39,12-13-2023,8,39,1.0
612,2060,upwards,0.109375,78.0,314656848605435,1.0,1.0,0.0,675.0,39,12-13-2023,8,39,1.0
613,2061,upwards,0.109375,78.0,356500403025635,0.0,0.0,0.0,905.0,39,12-13-2023,8,39,0.0
614,2062,upwards,0.109375,78.0,478777187003745,1.0,1.0,0.0,1273.0,39,12-13-2023,8,39,1.0
615,2063,upwards,0.109375,78.0,907916768032174,1.0,1.0,0.0,747.0,39,12-13-2023,8,39,1.0
616,2064,upwards,0.109375,79.0,269669446721892,1.0,1.0,0.0,885.0,39,12-13-2023,8,39,1.0
617,2065,upwards,0.109375,79.0,951679876446298,1.0,1.0,0.0,1402.0,39,12-13-2023,8,39,1.0
618,2066,upwards,0.109375,79.0,671529543553691,1.0,1.0,0.0,998.0,39,12-13-2023,8,39,1.0
619,2067,upwards,0.109375,79.0,298732613139332,1.0,1.0,0.0,823.0,39,12-13-2023,8,39,1.0
620,2068,upwards,0.109375,79.0,314656848605435,1.0,1.0,0.0,934.0,39,12-13-2023,8,39,1.0
621,2069,upwards,0.109375,79.0,356500403025635,1.0,1.0,0.0,1454.0,39,12-13-2023,8,39,1.0
622,2070,upwards,0.109375,79.0,478777187003745,0.0,0.0,0.0,1495.0,39,12-13-2023,8,39,0.0
623,2071,upwards,0.109375,79.0,907916768032174,1.0,1.0,0.0,1086.0,39,12-13-2023,8,39,1.0
624,2072,upwards,0.109375,80.0,269669446721892,1.0,1.0,0.0,817.0,39,12-13-2023,8,39,1.0
625,2073,upwards,0.109375,80.0,951679876446298,1.0,1.0,0.0,994.0,39,12-13-2023,8,39,1.0
626,2074,upwards,0.109375,80.0,671529543553691,0.0,0.0,0.0,904.0,39,12-13-2023,8,39,0.0
627,2075,upwards,0.109375,80.0,298732613139332,1.0,1.0,0.0,870.0,39,12-13-2023,8,39,1.0
628,2076,upwards,0.109375,80.0,314656848605435,1.0,1.0,0.0,875.0,39,12-13-2023,8,39,1.0
629,2077,upwards,0.109375,80.0,356500403025635,1.0,1.0,0.0,1188.0,39,12-13-2023,8,39,1.0
630,2078,upwards,0.109375,80.0,478777187003745,1.0,1.0,0.0,1070.0,39,12-13-2023,8,39,1.0
631,2079,upwards,0.109375,80.0,907916768032174,0.0,0.0,0.0,812.0,39,12-13-2023,8,39,0.0
632,2080,upwards,0.109375,81.0,269669446721892,1.0,1.0,0.0,881.0,39,12-13-2023,8,39,1.0
633,2081,upwards,0.109375,81.0,951679876446298,1.0,1.0,0.0,1102.0,39,12-13-2023,8,39,1.0
634,2082,upwards,0.109375,81.0,671529543553691,1.0,1.0,0.0,1014.0,39,12-13-2023,8,39,1.0
635,2083,upwards,0.109375,81.0,298732613139332,1.0,1.0,0.0,1246.0,39,12-13-2023,8,39,1.0
636,2084,upwards,0.109375,81.0,314656848605435,1.0,1.0,0.0,1043.0,39,12-13-2023,8,39,1.0
637,2085,upwards,0.109375,81.0,356500403025635,1.0,1.0,0.0,1105.0,39,12-13-2023,8,39,1.0
638,2086,upwards,0.109375,81.0,478777187003745,0.0,0.0,0.0,817.0,39,12-13-2023,8,39,0.0
639,2087,upwards,0.109375,81.0,907916768032174,0.0,0.0,0.0,812.0,39,12-13-2023,8,39,0.0
640,2088,upwards,0.109375,82.0,269669446721892,1.0,1.0,0.0,952.0,39,12-13-2023,8,39,1.0
641,2089,upwards,0.109375,82.0,951679876446298,1.0,1.0,0.0,774.0,39,12-13-2023,8,39,1.0
642,2090,upwards,0.109375,82.0,671529543553691,0.0,0.0,0.0,1186.0,39,12-13-2023,8,39,0.0
643,2091,upwards,0.109375,82.0,298732613139332,1.0,1.0,0.0,835.0,39,12-13-2023,8,39,1.0
644,2092,upwards,0.109375,82.0,314656848605435,1.0,1.0,0.0,1096.0,39,12-13-2023,8,39,1.0
645,2093,upwards,0.109375,82.0,356500403025635,1.0,1.0,0.0,904.0,39,12-13-2023,8,39,1.0
646,2094,upwards,0.109375,82.0,478777187003745,1.0,1.0,0.0,1396.0,39,12-13-2023,8,39,1.0
647,2095,upwards,0.109375,82.0,907916768032174,0.0,0.0,0.0,1242.0,39,12-13-2023,8,39,0.0
648,2096,upwards,0.109375,83.0,269669446721892,1.0,1.0,0.0,909.0,39,12-13-2023,8,39,1.0
649,2097,upwards,0.109375,83.0,951679876446298,1.0,1.0,0.0,1091.0,39,12-13-2023,8,39,1.0
650,2098,upwards,0.109375,83.0,671529543553691,0.0,0.0,0.0,1160.0,39,12-13-2023,8,39,0.0
651,2099,upwards,0.109375,83.0,298732613139332,1.0,1.0,0.0,881.0,39,12-13-2023,8,39,1.0
652,2100,upwards,0.109375,83.0,314656848605435,1.0,1.0,0.0,1643.0,39,12-13-2023,8,39,1.0
653,2101,upwards,0.109375,83.0,356500403025635,1.0,1.0,0.0,961.0,39,12-13-2023,8,39,1.0
654,2102,upwards,0.109375,83.0,478777187003745,0.0,0.0,0.0,1066.0,39,12-13-2023,8,39,0.0
655,2103,upwards,0.109375,83.0,907916768032174,0.0,0.0,0.0,796.0,39,12-13-2023,8,39,0.0
656,2104,upwards,0.109375,84.0,269669446721892,1.0,1.0,0.0,849.0,39,12-13-2023,8,39,1.0
657,2105,upwards,0.109375,84.0,951679876446298,1.0,1.0,0.0,1348.0,39,12-13-2023,8,39,1.0
658,2106,upwards,0.109375,84.0,671529543553691,0.0,0.0,0.0,1448.0,39,12-13-2023,8,39,0.0
659,2107,upwards,0.109375,84.0,298732613139332,1.0,1.0,0.0,970.0,39,12-13-2023,8,39,1.0
660,2108,upwards,0.109375,84.0,314656848605435,1.0,1.0,0.0,935.0,39,12-13-2023,8,39,1.0
661,2109,upwards,0.109375,84.0,356500403025635,1.0,1.0,0.0,952.0,39,12-13-2023,8,39,1.0
662,2110,upwards,0.109375,84.0,478777187003745,1.0,1.0,0.0,972.0,39,12-13-2023,8,39,1.0
663,2111,upwards,0.109375,84.0,907916768032174,1.0,1.0,0.0,680.0,39,12-13-2023,8,39,1.0
664,2112,upwards,0.109375,85.0,269669446721892,1.0,1.0,0.0,896.0,39,12-13-2023,8,39,1.0
665,2113,upwards,0.109375,85.0,951679876446298,1.0,1.0,0.0,930.0,39,12-13-2023,8,39,1.0
666,2114,upwards,0.109375,85.0,671529543553691,1.0,1.0,0.0,1413.0,39,12-13-2023,8,39,1.0
667,2115,upwards,0.109375,85.0,298732613139332,1.0,1.0,0.0,1695.0,39,12-13-2023,8,39,1.0
668,2116,upwards,0.109375,85.0,314656848605435,1.0,1.0,0.0,1265.0,39,12-13-2023,8,39,1.0
669,2117,upwards,0.109375,85.0,356500403025635,0.0,0.0,0.0,1039.0,39,12-13-2023,8,39,0.0
670,2118,upwards,0.109375,85.0,478777187003745,0.0,0.0,0.0,914.0,39,12-13-2023,8,39,0.0
671,2119,upwards,0.109375,85.0,907916768032174,0.0,0.0,0.0,655.0,39,12-13-2023,8,39,0.0
672,2120,upwards,0.109375,86.0,269669446721892,1.0,-1.0,0.0,1411.0,39,12-13-2023,8,39,1.0
673,2121,upwards,0.109375,86.0,951679876446298,1.0,-1.0,0.0,1525.0,39,12-13-2023,8,39,1.0
674,2122,upwards,0.109375,86.0,671529543553691,1.0,-1.0,0.0,2260.0,39,12-13-2023,8,39,1.0
675,2123,upwards,0.109375,86.0,298732613139332,1.0,-1.0,0.0,805.0,39,12-13-2023,8,39,1.0
676,2124,upwards,0.109375,86.0,314656848605435,1.0,-1.0,0.0,1119.0,39,12-13-2023,8,39,1.0
677,2125,upwards,0.109375,86.0,356500403025635,1.0,-1.0,0.0,1142.0,39,12-13-2023,8,39,1.0
678,2126,upwards,0.109375,86.0,478777187003745,1.0,-1.0,0.0,1052.0,39,12-13-2023,8,39,1.0
679,2127,upwards,0.109375,86.0,907916768032174,1.0,-1.0,0.0,593.0,39,12-13-2023,8,39,1.0
680,2128,upwards,0.109375,87.0,269669446721892,1.0,1.0,0.0,1191.0,39,12-13-2023,8,39,1.0
681,2129,upwards,0.109375,87.0,951679876446298,1.0,1.0,0.0,778.0,39,12-13-2023,8,39,1.0
682,2130,upwards,0.109375,87.0,671529543553691,1.0,1.0,0.0,1308.0,39,12-13-2023,8,39,1.0
683,2131,upwards,0.109375,87.0,298732613139332,1.0,1.0,0.0,1265.0,39,12-13-2023,8,39,1.0
684,2132,upwards,0.109375,87.0,314656848605435,1.0,1.0,0.0,1623.0,39,12-13-2023,8,39,1.0
685,2133,upwards,0.109375,87.0,356500403025635,0.0,0.0,0.0,921.0,39,12-13-2023,8,39,0.0
686,2134,upwards,0.109375,87.0,478777187003745,1.0,1.0,0.0,2889.0,39,12-13-2023,8,39,1.0
687,2135,upwards,0.109375,87.0,907916768032174,1.0,1.0,0.0,530.0,39,12-13-2023,8,39,1.0
688,2136,upwards,0.109375,88.0,269669446721892,1.0,1.0,0.0,1372.0,39,12-13-2023,8,39,1.0
689,2137,upwards,0.109375,88.0,951679876446298,1.0,1.0,0.0,1030.0,39,12-13-2023,8,39,1.0
690,2138,upwards,0.109375,88.0,671529543553691,1.0,1.0,0.0,1507.0,39,12-13-2023,8,39,1.0
691,2139,upwards,0.109375,88.0,298732613139332,1.0,1.0,0.0,786.0,39,12-13-2023,8,39,1.0
692,2140,upwards,0.109375,88.0,314656848605435,1.0,1.0,0.0,1138.0,39,12-13-2023,8,39,1.0
693,2141,upwards,0.109375,88.0,356500403025635,0.0,0.0,0.0,1236.0,39,12-13-2023,8,39,0.0
694,2142,upwards,0.109375,88.0,478777187003745,0.0,0.0,0.0,1174.0,39,12-13-2023,8,39,0.0
695,2143,upwards,0.109375,88.0,907916768032174,1.0,1.0,0.0,1052.0,39,12-13-2023,8,39,1.0
696,2144,upwards,0.109375,89.0,269669446721892,1.0,1.0,0.0,1493.0,39,12-13-2023,8,39,1.0
697,2145,upwards,0.109375,89.0,951679876446298,1.0,1.0,0.0,1080.0,39,12-13-2023,8,39,1.0
698,2146,upwards,0.109375,89.0,671529543553691,0.0,0.0,0.0,921.0,39,12-13-2023,8,39,0.0
699,2147,upwards,0.109375,89.0,298732613139332,1.0,1.0,0.0,993.0,39,12-13-2023,8,39,1.0
700,2148,upwards,0.109375,89.0,314656848605435,1.0,1.0,0.0,1295.0,39,12-13-2023,8,39,1.0
701,2149,upwards,0.109375,89.0,356500403025635,1.0,1.0,0.0,1430.0,39,12-13-2023,8,39,1.0
702,2150,upwards,0.109375,89.0,478777187003745,0.0,0.0,0.0,1664.0,39,12-13-2023,8,39,0.0
703,2151,upwards,0.109375,89.0,907916768032174,0.0,0.0,0.0,912.0,39,12-13-2023,8,39,0.0
704,2152,upwards,0.109375,90.0,269669446721892,1.0,1.0,0.0,1074.0,39,12-13-2023,8,39,1.0
705,2153,upwards,0.109375,90.0,951679876446298,1.0,1.0,0.0,1122.0,39,12-13-2023,8,39,1.0
706,2154,upwards,0.109375,90.0,671529543553691,1.0,1.0,0.0,1581.0,39,12-13-2023,8,39,1.0
707,2155,upwards,0.109375,90.0,298732613139332,1.0,1.0,0.0,994.0,39,12-13-2023,8,39,1.0
708,2156,upwards,0.109375,90.0,314656848605435,1.0,1.0,0.0,1374.0,39,12-13-2023,8,39,1.0
709,2157,upwards,0.109375,90.0,356500403025635,0.0,0.0,0.0,1004.0,39,12-13-2023,8,39,0.0
710,2158,upwards,0.109375,90.0,478777187003745,0.0,0.0,0.0,2754.0,39,12-13-2023,8,39,0.0
711,2159,upwards,0.109375,90.0,907916768032174,0.0,0.0,0.0,713.0,39,12-13-2023,8,39,0.0
