,id_sim,round,attendance,id_player,decision,score,model,threshold,num_agents
0,1b46e212-8220-11f1-b0da-2389f409459f,0,"[0, 0, 1, 1, 0]",0,0,0,,0.6,5
1,1b46e212-8220-11f1-b0da-2389f409459f,0,"[0, 0, 1, 1, 0]",1,0,0,,0.6,5
2,1b46e212-8220-11f1-b0da-2389f409459f,0,"[0, 0, 1, 1, 0]",2,1,1,,0.6,5
3,1b46e212-8220-11f1-b0da-2389f409459f,0,"[0, 0, 1, 1, 0]",3,1,1,,0.6,5
4,1b46e212-8220-11f1-b0da-2389f409459f,0,"[0, 0, 1, 1, 0]",4,0,0,,0.6,5
5,1b46e212-8220-11f1-b0da-2389f409459f,1,"[0, 1, 0, 0, 0]",0,0,0,,0.6,5
6,1b46e212-8220-11f1-b0da-2389f409459f,1,"[0, 1, 0, 0, 0]",1,1,1,,0.6,5
7,1b46e212-8220-11f1-b0da-2389f409459f,1,"[0, 1, 0, 0, 0]",2,0,0,,0.6,5
8,1b46e212-8220-11f1-b0da-2389f409459f,1,"[0, 1, 0, 0, 0]",3,0,0,,0.6,5
9,1b46e212-8220-11f1-b0da-2389f409459f,1,"[0, 1, 0, 0, 0]",4,0,0,,0.6,5
10,1b46e212-8220-11f1-b0da-2389f409459f,2,"[0, 0, 0, 1, 1]",0,0,0,,0.6,5
11,1b46e212-8220-11f1-b0da-2389f409459f,2,"[0, 0, 0, 1, 1]",1,0,0,,0.6,5
12,1b46e212-8220-11f1-b0da-2389f409459f,2,"[0, 0, 0, 1, 1]",2,0,0,,0.6,5
13,1b46e212-8220-11f1-b0da-2389f409459f,2,"[0, 0, 0, 1, 1]",3,1,1,,0.6,5
14,1b46e212-8220-11f1-b0da-2389f409459f,2,"[0, 0, 0, 1, 1]",4,1,1,,0.6,5
15,1b46e212-8220-11f1-b0da-2389f409459f,3,"[0, 1, 1, 1, 1]",0,0,0,,0.6,5
16,1b46e212-8220-11f1-b0da-2389f409459f,3,"[0, 1, 1, 1, 1]",1,1,-1,,0.6,5
17,1b46e212-8220-11f1-b0da-2389f409459f,3,"[0, 1, 1, 1, 1]",2,1,-1,,0.6,5
18,1b46e212-8220-11f1-b0da-2389f409459f,3,"[0, 1, 1, 1, 1]",3,1,-1,,0.6,5
19,1b46e212-8220-11f1-b0da-2389f409459f,3,"[0, 1, 1, 1, 1]",4,1,-1,,0.6,5
20,1b46e212-8220-11f1-b0da-2389f409459f,4,"[0, 0, 1, 1, 0]",0,0,0,,0.6,5
21,1b46e212-8220-11f1-b0da-2389f409459f,4,"[0, 0, 1, 1, 0]",1,0,0,,0.6,5
22,1b46e212-8220-11f1-b0da-2389f409459f,4,"[0, 0, 1, 1, 0]",2,1,1,,0.6,5
23,1b46e212-8220-11f1-b0da-2389f409459f,4,"[0, 0, 1, 1, 0]",3,1,1,,0.6,5
24,1b46e212-8220-11f1-b0da-2389f409459f,4,"[0, 0, 1, 1, 0]",4,0,0,,0.6,5
25,1b46e212-8220-11f1-b0da-2389f409459f,5,"[1, 1, 0, 1, 1]",0,1,-1,,0.6,5
26,1b46e212-8220-11f1-b0da-2389f409459f,5,"[1, 1, 0, 1, 1]",1,1,-1,,0.6,5
27,1b46e212-8220-11f1-b0da-2389f409459f,5,"[1, 1, 0, 1, 1]",2,0,0,,0.6,5
28,1b46e212-8220-11f1-b0da-2389f409459f,5,"[1, 1, 0, 1, 1]",3,1,-1,,0.6,5
29,1b46e212-8220-11f1-b0da-2389f409459f,5,"[1, 1, 0, 1, 1]",4,1,-1,,0.6,5
30,1b46e212-8220-11f1-b0da-2389f409459f,6,"[1, 1, 1, 0, 0]",0,1,1,,0.6,5
31,1b46e212-8220-11f1-b0da-2389f409459f,6,"[1, 1, 1, 0, 0]",1,1,1,,0.6,5
32,1b46e212-8220-11f1-b0da-2389f409459f,6,"[1, 1, 1, 0, 0]",2,1,1,,0.6,5
33,1b46e212-8220-11f1-b0da-2389f409459f,6,"[1, 1, 1, 0, 0]",3,0,0,,0.6,5
34,1b46e212-8220-11f1-b0da-2389f409459f,6,"[1, 1, 1, 0, 0]",4,0,0,,0.6,5
35,1b46e212-8220-11f1-b0da-2389f409459f,7,"[1, 1, 0, 1, 0]",0,1,1,,0.6,5
36,1b46e212-8220-11f1-b0da-2389f409459f,7,"[1, 1, 0, 1, 0]",1,1,1,,0.6,5
37,1b46e212-8220-11f1-b0da-2389f409459f,7,"[1, 1, 0, 1, 0]",2,0,0,,0.6,5
38,1b46e212-8220-11f1-b0da-2389f409459f,7,"[1, 1, 0, 1, 0]",3,1,1,,0.6,5
39,1b46e212-8220-11f1-b0da-2389f409459f,7,"[1, 1, 0, 1, 0]",4,0,0,,0.6,5
40,1b46e212-8220-11f1-b0da-2389f409459f,8,"[0, 1, 0, 1, 1]",0,0,0,,0.6,5
41,1b46e212-8220-11f1-b0da-2389f409459f,8,"[0, 1, 0, 1, 1]",1,1,1,,0.6,5
42,1b46e212-8220-11f1-b0da-2389f409459f,8,"[0, 1, 0, 1, 1]",2,0,0,,0.6,5
43,1b46e212-8220-11f1-b0da-2389f409459f,8,"[0, 1, 0, 1, 1]",3,1,1,,0.6,5
44,1b46e212-8220-11f1-b0da-2389f409459f,8,"[0, 1, 0, 1, 1]",4,1,1,,0.6,5
45,1b46e212-8220-11f1-b0da-2389f409459f,9,"[0, 1, 0, 0, 1]",0,0,0,,0.6,5
46,1b46e212-8220-11f1-b0da-2389f409459f,9,"[0, 1, 0, 0, 1]",1,1,1,,0.6,5
47,1b46e212-8220-11f1-b0da-2389f409459f,9,"[0, 1, 0, 0, 1]",2,0,0,,0.6,5
48,1b46e212-8220-11f1-b0da-2389f409459f,9,"[0, 1, 0, 0, 1]",3,0,0,,0.6,5
49,1b46e212-8220-11f1-b0da-2389f409459f,9,"[0, 1, 0, 0, 1]",4,1,1,,0.6,5
50,1b47ae90-8220-11f1-b0da-2389f409459f,0,"[0, 0, 0, 1, 0]",0,0,0,,0.6,5
51,1b47ae90-8220-11f1-b0da-2389f409459f,0,"[0, 0, 0, 1, 0]",1,0,0,,0.6,5
52,1b47ae90-8220-11f1-b0da-2389f409459f,0,"[0, 0, 0, 1, 0]",2,0,0,,0.6,5
53,1b47ae90-8220-11f1-b0da-2389f409459f,0,"[0, 0, 0, 1, 0]",3,1,1,,0.6,5
54,1b47ae90-8220-11f1-b0da-2389f409459f,0,"[0, 0, 0, 1, 0]",4,0,0,,0.6,5
55,1b47ae90-8220-11f1-b0da-2389f409459f,1,"[1, 1, 0, 1, 0]",0,1,1,,0.6,5
56,1b47ae90-8220-11f1-b0da-2389f409459f,1,"[1, 1, 0, 1, 0]",1,1,1,,0.6,5
57,1b47ae90-8220-11f1-b0da-2389f409459f,1,"[1, 1, 0, 1, 0]",2,0,0,,0.6,5
58,1b47ae90-8220-11f1-b0da-2389f409459f,1,"[1, 1, 0, 1, 0]",3,1,1,,0.6,5
59,1b47ae90-8220-11f1-b0da-2389f409459f,1,"[1, 1, 0, 1, 0]",4,0,0,,0.6,5
60,1b47ae90-8220-11f1-b0da-2389f409459f,2,"[0, 0, 1, 1, 1]",0,0,0,,0.6,5
61,1b47ae90-8220-11f1-b0da-2389f409459f,2,"[0, 0, 1, 1, 1]",1,0,0,,0.6,5
62,1b47ae90-8220-11f1-b0da-2389f409459f,2,"[0, 0, 1, 1, 1]",2,1,1,,0.6,5
63,1b47ae90-8220-11f1-b0da-2389f409459f,2,"[0, 0, 1, 1, 1]",3,1,1,,0.6,5
64,1b47ae90-8220-11f1-b0da-2389f409459f,2,"[0, 0, 1, 1, 1]",4,1,1,,0.6,5
65,1b47ae90-8220-11f1-b0da-2389f409459f,3,"[0, 0, 1, 1, 0]",0,0,0,,0.6,5
66,1b47ae90-8220-11f1-b0da-2389f409459f,3,"[0, 0, 1, 1, 0]",1,0,0,,0.6,5
67,1b47ae90-8220-11f1-b0da-2389f409459f,3,"[0, 0, 1, 1, 0]",2,1,1,,0.6,5
68,1b47ae90-8220-11f1-b0da-2389f409459f,3,"[0, 0, 1, 1, 0]",3,1,1,,0.6,5
69,1b47ae90-8220-11f1-b0da-2389f409459f,3,"[0, 0, 1, 1, 0]",4,0,0,,0.6,5
70,1b47ae90-8220-11f1-b0da-2389f409459f,4,"[1, 1, 1, 1, 1]",0,1,-1,,0.6,5
71,1b47ae90-8220-11f1-b0da-2389f409459f,4,"[1, 1, 1, 1, 1]",1,1,-1,,0.6,5
72,1b47ae90-8220-11f1-b0da-2389f409459f,4,"[1, 1, 1, 1, 1]",2,1,-1,,0.6,5
73,1b47ae90-8220-11f1-b0da-2389f409459f,4,"[1, 1, 1, 1, 1]",3,1,-1,,0.6,5
74,1b47ae90-8220-11f1-b0da-2389f409459f,4,"[1, 1, 1, 1, 1]",4,1,-1,,0.6,5
75,1b47ae90-8220-11f1-b0da-2389f409459f,5,"[0, 1, 1, 1, 0]",0,0,0,,0.6,5
76,1b47ae90-8220-11f1-b0da-2389f409459f,5,"[0, 1, 1, 1, 0]",1,1,1,,0.6,5
77,1b47ae90-8220-11f1-b0da-2389f409459f,5,"[0, 1, 1, 1, 0]",2,1,1,,0.6,5
78,1b47ae90-8220-11f1-b0da-2389f409459f,5,"[0, 1, 1, 1, 0]",3,1,1,,0.6,5
79,1b47ae90-8220-11f1-b0da-2389f409459f,5,"[0, 1, 1, 1, 0]",4,0,0,,0.6,5
80,1b47ae90-8220-11f1-b0da-2389f409459f,6,"[1, 1, 0, 1, 0]",0,1,1,,0.6,5
81,1b47ae90-8220-11f1-b0da-2389f409459f,6,"[1, 1, 0, 1, 0]",1,1,1,,0.6,5
82,1b47ae90-8220-11f1-b0da-2389f409459f,6,"[1, 1, 0, 1, 0]",2,0,0,,0.6,5
83,1b47ae90-8220-11f1-b0da-2389f409459f,6,"[1, 1, 0, 1, 0]",3,1,1,,0.6,5
84,1b47ae90-8220-11f1-b0da-2389f409459f,6,"[1, 1, 0, 1, 0]",4,0,0,,0.6,5
85,1b47ae90-8220-11f1-b0da-2389f409459f,7,"[1, 0, 1, 1, 0]",0,1,1,,0.6,5
86,1b47ae90-8220-11f1-b0da-2389f409459f,7,"[1, 0, 1, 1, 0]",1,0,0,,0.6,5
87,1b47ae90-8220-11f1-b0da-2389f409459f,7,"[1, 0, 1, 1, 0]",2,1,1,,0.6,5
88,1b47ae90-8220-11f1-b0da-2389f409459f,7,"[1, 0, 1, 1, 0]",3,1,1,,0.6,5
89,1b47ae90-8220-11f1-b0da-2389f409459f,7,"[1, 0, 1, 1, 0]",4,0,0,,0.6,5
90,1b47ae90-8220-11f1-b0da-2389f409459f,8,"[1, 0, 1, 1, 1]",0,1,-1,,0.6,5
91,1b47ae90-8220-11f1-b0da-2389f409459f,8,"[1, 0, 1, 1, 1]",1,0,0,,0.6,5
92,1b47ae90-8220-11f1-b0da-2389f409459f,8,"[1, 0, 1, 1, 1]",2,1,-1,,0.6,5
93,1b47ae90-8220-11f1-b0da-2389f409459f,8,"[1, 0, 1, 1, 1]",3,1,-1,,0.6,5
94,1b47ae90-8220-11f1-b0da-2389f409459f,8,"[1, 0, 1, 1, 1]",4,1,-1,,0.6,5
95,1b47ae90-8220-11f1-b0da-2389f409459f,9,"[1, 1, 1, 0, 1]",0,1,-1,,0.6,5
96,1b47ae90-8220-11f1-b0da-2389f409459f,9,"[1, 1, 1, 0, 1]",1,1,-1,,0.6,5
97,1b47ae90-8220-11f1-b0da-2389f409459f,9,"[1, 1, 1, 0, 1]",2,1,-1,,0.6,5
98,1b47ae90-8220-11f1-b0da-2389f409459f,9,"[1, 1, 1, 0, 1]",3,0,0,,0.6,5
99,1b47ae90-8220-11f1-b0da-2389f409459f,9,"[1, 1, 1, 0, 1]",4,1,-1,,0.6,5
100,1b487ece-8220-11f1-b0da-2389f409459f,0,"[0, 1, 1, 0, 1]",0,0,0,,0.6,5
101,1b487ece-8220-11f1-b0da-2389f409459f,0,"[0, 1, 1, 0, 1]",1,1,1,,0.6,5
102,1b487ece-8220-11f1-b0da-2389f409459f,0,"[0, 1, 1, 0, 1]",2,1,1,,0.6,5
103,1b487ece-8220-11f1-b0da-2389f409459f,0,"[0, 1, 1, 0, 1]",3,0,0,,0.6,5
104,1b487ece-8220-11f1-b0da-2389f409459f,0,"[0, 1, 1, 0, 1]",4,1,1,,0.6,5
105,1b487ece-8220-11f1-b0da-2389f409459f,1,"[0, 0, 0, 1, 1]",0,0,0,,0.6,5
106,1b487ece-8220-11f1-b0da-2389f409459f,1,"[0, 0, 0, 1, 1]",1,0,0,,0.6,5
107,1b487ece-8220-11f1-b0da-2389f409459f,1,"[0, 0, 0, 1, 1]",2,0,0,,0.6,5
108,1b487ece-8220-11f1-b0da-2389f409459f,1,"[0, 0, 0, 1, 1]",3,1,1,,0.6,5
109,1b487ece-8220-11f1-b0da-2389f409459f,1,"[0, 0, 0, 1, 1]",4,1,1,,0.6,5
110,1b487ece-8220-11f1-b0da-2389f409459f,2,"[1, 0, 0, 1, 1]",0,1,1,,0.6,5
111,1b487ece-8220-11f1-b0da-2389f409459f,2,"[1, 0, 0, 1, 1]",1,0,0,,0.6,5
112,1b487ece-8220-11f1-b0da-2389f409459f,2,"[1, 0, 0, 1, 1]",2,0,0,,0.6,5
113,1b487ece-8220-11f1-b0da-2389f409459f,2,"[1, 0, 0, 1, 1]",3,1,1,,0.6,5
114,1b487ece-8220-11f1-b0da-2389f409459f,2,"[1, 0, 0, 1, 1]",4,1,1,,0.6,5
115,1b487ece-8220-11f1-b0da-2389f409459f,3,"[0, 0, 0, 1, 1]",0,0,0,,0.6,5
116,1b487ece-8220-11f1-b0da-2389f409459f,3,"[0, 0, 0, 1, 1]",1,0,0,,0.6,5
117,1b487ece-8220-11f1-b0da-2389f409459f,3,"[0, 0, 0, 1, 1]",2,0,0,,0.6,5
118,1b487ece-8220-11f1-b0da-2389f409459f,3,"[0, 0, 0, 1, 1]",3,1,1,,0.6,5
119,1b487ece-8220-11f1-b0da-2389f409459f,3,"[0, 0, 0, 1, 1]",4,1,1,,0.6,5
120,1b487ece-8220-11f1-b0da-2389f409459f,4,"[0, 0, 0, 1, 1]",0,0,0,,0.6,5
121,1b487ece-8220-11f1-b0da-2389f409459f,4,"[0, 0, 0, 1, 1]",1,0,0,,0.6,5
122,1b487ece-8220-11f1-b0da-2389f409459f,4,"[0, 0, 0, 1, 1]",2,0,0,,0.6,5
123,1b487ece-8220-11f1-b0da-2389f409459f,4,"[0, 0, 0, 1, 1]",3,1,1,,0.6,5
124,1b487ece-8220-11f1-b0da-2389f409459f,4,"[0, 0, 0, 1, 1]",4,1,1,,0.6,5
125,1b487ece-8220-11f1-b0da-2389f409459f,5,"[0, 0, 0, 1, 1]",0,0,0,,0.6,5
126,1b487ece-8220-11f1-b0da-2389f409459f,5,"[0, 0, 0, 1, 1]",1,0,0,,0.6,5
127,1b487ece-8220-11f1-b0da-2389f409459f,5,"[0, 0, 0, 1, 1]",2,0,0,,0.6,5
128,1b487ece-8220-11f1-b0da-2389f409459f,5,"[0, 0, 0, 1, 1]",3,1,1,,0.6,5
129,1b487ece-8220-11f1-b0da-2389f409459f,5,"[0, 0, 0, 1, 1]",4,1,1,,0.6,5
130,1b487ece-8220-11f1-b0da-2389f409459f,6,"[0, 1, 0, 1, 0]",0,0,0,,0.6,5
131,1b487ece-8220-11f1-b0da-2389f409459f,6,"[0, 1, 0, 1, 0]",1,1,1,,0.6,5
132,1b487ece-8220-11f1-b0da-2389f409459f,6,"[0, 1, 0, 1, 0]",2,0,0,,0.6,5
133,1b487ece-8220-11f1-b0da-2389f409459f,6,"[0, 1, 0, 1, 0]",3,1,1,,0.6,5
134,1b487ece-8220-11f1-b0da-2389f409459f,6,"[0, 1, 0, 1, 0]",4,0,0,,0.6,5
135,1b487ece-8220-11f1-b0da-2389f409459f,7,"[0, 0, 0, 1, 0]",0,0,0,,0.6,5
136,1b487ece-8220-11f1-b0da-2389f409459f,7,"[0, 0, 0, 1, 0]",1,0,0,,0.6,5
137,1b487ece-8220-11f1-b0da-2389f409459f,7,"[0, 0, 0, 1, 0]",2,0,0,,0.6,5
138,1b487ece-8220-11f1-b0da-2389f409459f,7,"[0, 0, 0, 1, 0]",3,1,1,,0.6,5
139,1b487ece-8220-11f1-b0da-2389f409459f,7,"[0, 0, 0, 1, 0]",4,0,0,,0.6,5
140,1b487ece-8220-11f1-b0da-2389f409459f,8,"[1, 0, 0, 1, 1]",0,1,1,,0.6,5
141,1b487ece-8220-11f1-b0da-2389f409459f,8,"[1, 0, 0, 1, 1]",1,0,0,,0.6,5
142,1b487ece-8220-11f1-b0da-2389f409459f,8,"[1, 0, 0, 1, 1]",2,0,0,,0.6,5
143,1b487ece-8220-11f1-b0da-2389f409459f,8,"[1, 0, 0, 1, 1]",3,1,1,,0.6,5
144,1b487ece-8220-11f1-b0da-2389f409459f,8,"[1, 0, 0, 1, 1]",4,1,1,,0.6,5
145,1b487ece-8220-11f1-b0da-2389f409459f,9,"[0, 1, 1, 1, 0]",0,0,0,,0.6,5
146,1b487ece-8220-11f1-b0da-2389f409459f,9,"[0, 1, 1, 1, 0]",1,1,1,,0.6,5
147,1b487ece-8220-11f1-b0da-2389f409459f,9,"[0, 1, 1, 1, 0]",2,1,1,,0.6,5
148,1b487ece-8220-11f1-b0da-2389f409459f,9,"[0, 1, 1, 1, 0]",3,1,1,,0.6,5
149,1b487ece-8220-11f1-b0da-2389f409459f,9,"[0, 1, 1, 1, 0]",4,0,0,,0.6,5
150,1b499124-8220-11f1-b0da-2389f409459f,0,"[1, 1, 1, 0, 0]",0,1,1,,0.6,5
151,1b499124-8220-11f1-b0da-2389f409459f,0,"[1, 1, 1, 0, 0]",1,1,1,,0.6,5
152,1b499124-8220-11f1-b0da-2389f409459f,0,"[1, 1, 1, 0, 0]",2,1,1,,0.6,5
153,1b499124-8220-11f1-b0da-2389f409459f,0,"[1, 1, 1, 0, 0]",3,0,0,,0.6,5
154,1b499124-8220-11f1-b0da-2389f409459f,0,"[1, 1, 1, 0, 0]",4,0,0,,0.6,5
155,1b499124-8220-11f1-b0da-2389f409459f,1,"[0, 0, 1, 1, 0]",0,0,0,,0.6,5
156,1b499124-8220-11f1-b0da-2389f409459f,1,"[0, 0, 1, 1, 0]",1,0,0,,0.6,5
157,1b499124-8220-11f1-b0da-2389f409459f,1,"[0, 0, 1, 1, 0]",2,1,1,,0.6,5
158,1b499124-8220-11f1-b0da-2389f409459f,1,"[0, 0, 1, 1, 0]",3,1,1,,0.6,5
159,1b499124-8220-11f1-b0da-2389f409459f,1,"[0, 0, 1, 1, 0]",4,0,0,,0.6,5
160,1b499124-8220-11f1-b0da-2389f409459f,2,"[0, 1, 0, 1, 1]",0,0,0,,0.6,5
161,1b499124-8220-11f1-b0da-2389f409459f,2,"[0, 1, 0, 1, 1]",1,1,1,,0.6,5
162,1b499124-8220-11f1-b0da-2389f409459f,2,"[0, 1, 0, 1, 1]",2,0,0,,0.6,5
163,1b499124-8220-11f1-b0da-2389f409459f,2,"[0, 1, 0, 1, 1]",3,1,1,,0.6,5
164,1b499124-8220-11f1-b0da-2389f409459f,2,"[0, 1, 0, 1, 1]",4,1,1,,0.6,5
165,1b499124-8220-11f1-b0da-2389f409459f,3,"[1, 0, 1, 1, 1]",0,1,-1,,0.6,5
166,1b499124-8220-11f1-b0da-2389f409459f,3,"[1, 0, 1, 1, 1]",1,0,0,,0.6,5
167,1b499124-8220-11f1-b0da-2389f409459f,3,"[1, 0, 1, 1, 1]",2,1,-1,,0.6,5
168,1b499124-8220-11f1-b0da-2389f409459f,3,"[1, 0, 1, 1, 1]",3,1,-1,,0.6,5
169,1b499124-8220-11f1-b0da-2389f409459f,3,"[1, 0, 1, 1, 1]",4,1,-1,,0.6,5
170,1b499124-8220-11f1-b0da-2389f409459f,4,"[1, 1, 1, 1, 0]",0,1,-1,,0.6,5
171,1b499124-8220-11f1-b0da-2389f409459f,4,"[1, 1, 1, 1, 0]",1,1,-1,,0.6,5
172,1b499124-8220-11f1-b0da-2389f409459f,4,"[1, 1, 1, 1, 0]",2,1,-1,,0.6,5
173,1b499124-8220-11f1-b0da-2389f409459f,4,"[1, 1, 1, 1, 0]",3,1,-1,,0.6,5
174,1b499124-8220-11f1-b0da-2389f409459f,4,"[1, 1, 1, 1, 0]",4,0,0,,0.6,5
175,1b499124-8220-11f1-b0da-2389f409459f,5,"[1, 1, 1, 1, 1]",0,1,-1,,0.6,5
176,1b499124-8220-11f1-b0da-2389f409459f,5,"[1, 1, 1, 1, 1]",1,1,-1,,0.6,5
177,1b499124-8220-11f1-b0da-2389f409459f,5,"[1, 1, 1, 1, 1]",2,1,-1,,0.6,5
178,1b499124-8220-11f1-b0da-2389f409459f,5,"[1, 1, 1, 1, 1]",3,1,-1,,0.6,5
179,1b499124-8220-11f1-b0da-2389f409459f,5,"[1, 1, 1, 1, 1]",4,1,-1,,0.6,5
180,1b499124-8220-11f1-b0da-2389f409459f,6,"[1, 1, 0, 0, 0]",0,1,1,,0.6,5
181,1b499124-8220-11f1-b0da-2389f409459f,6,"[1, 1, 0, 0, 0]",1,1,1,,0.6,5
182,1b499124-8220-11f1-b0da-2389f409459f,6,"[1, 1, 0, 0, 0]",2,0,0,,0.6,5
183,1b499124-8220-11f1-b0da-2389f409459f,6,"[1, 1, 0, 0, 0]",3,0,0,,0.6,5
184,1b499124-8220-11f1-b0da-2389f409459f,6,"[1, 1, 0, 0, 0]",4,0,0,,0.6,5
185,1b499124-8220-11f1-b0da-2389f409459f,7,"[1, 1, 1, 1, 1]",0,1,-1,,0.6,5
186,1b499124-8220-11f1-b0da-2389f409459f,7,"[1, 1, 1, 1, 1]",1,1,-1,,0.6,5
187,1b499124-8220-11f1-b0da-2389f409459f,7,"[1, 1, 1, 1, 1]",2,1,-1,,0.6,5
188,1b499124-8220-11f1-b0da-2389f409459f,7,"[1, 1, 1, 1, 1]",3,1,-1,,0.6,5
189,1b499124-8220-11f1-b0da-2389f409459f,7,"[1, 1, 1, 1, 1]",4,1,-1,,0.6,5
190,1b499124-8220-11f1-b0da-2389f409459f,8,"[0, 1, 1, 0, 0]",0,0,0,,0.6,5
191,1b499124-8220-11f1-b0da-2389f409459f,8,"[0, 1, 1, 0, 0]",1,1,1,,0.6,5
192,1b499124-8220-11f1-b0da-2389f409459f,8,"[0, 1, 1, 0, 0]",2,1,1,,0.6,5
193,1b499124-8220-11f1-b0da-2389f409459f,8,"[0, 1, 1, 0, 0]",3,0,0,,0.6,5
194,1b499124-8220-11f1-b0da-2389f409459f,8,"[0, 1, 1, 0, 0]",4,0,0,,0.6,5
195,1b499124-8220-11f1-b0da-2389f409459f,9,"[1, 1, 1, 0, 0]",0,1,1,,0.6,5
196,1b499124-8220-11f1-b0da-2389f409459f,9,"[1, 1, 1, 0, 0]",1,1,1,,0.6,5
197,1b499124-8220-11f1-b0da-2389f409459f,9,"[1, 1, 1, 0, 0]",2,1,1,,0.6,5
198,1b499124-8220-11f1-b0da-2389f409459f,9,"[1, 1, 1, 0, 0]",3,0,0,,0.6,5
199,1b499124-8220-11f1-b0da-2389f409459f,9,"[1, 1, 1, 0, 0]",4,0,0,,0.6,5
200,1b4a4f2e-8220-11f1-b0da-2389f409459f,0,"[0, 1, 1, 1, 1]",0,0,0,,0.6,5
201,1b4a4f2e-8220-11f1-b0da-2389f409459f,0,"[0, 1, 1, 1, 1]",1,1,-1,,0.6,5
202,1b4a4f2e-8220-11f1-b0da-2389f409459f,0,"[0, 1, 1, 1, 1]",2,1,-1,,0.6,5
203,1b4a4f2e-8220-11f1-b0da-2389f409459f,0,"[0, 1, 1, 1, 1]",3,1,-1,,0.6,5
204,1b4a4f2e-8220-11f1-b0da-2389f409459f,0,"[0, 1, 1, 1, 1]",4,1,-1,,0.6,5
205,1b4a4f2e-8220-11f1-b0da-2389f409459f,1,"[0, 1, 0, 1, 1]",0,0,0,,0.6,5
206,1b4a4f2e-8220-11f1-b0da-2389f409459f,1,"[0, 1, 0, 1, 1]",1,1,1,,0.6,5
207,1b4a4f2e-8220-11f1-b0da-2389f409459f,1,"[0, 1, 0, 1, 1]",2,0,0,,0.6,5
208,1b4a4f2e-8220-11f1-b0da-2389f409459f,1,"[0, 1, 0, 1, 1]",3,1,1,,0.6,5
209,1b4a4f2e-8220-11f1-b0da-2389f409459f,1,"[0, 1, 0, 1, 1]",4,1,1,,0.6,5
210,1b4a4f2e-8220-11f1-b0da-2389f409459f,2,"[0, 0, 0, 1, 0]",0,0,0,,0.6,5
211,1b4a4f2e-8220-11f1-b0da-2389f409459f,2,"[0, 0, 0, 1, 0]",1,0,0,,0.6,5
212,1b4a4f2e-8220-11f1-b0da-2389f409459f,2,"[0, 0, 0, 1, 0]",2,0,0,,0.6,5
213,1b4a4f2e-8220-11f1-b0da-2389f409459f,2,"[0, 0, 0, 1, 0]",3,1,1,,0.6,5
214,1b4a4f2e-8220-11f1-b0da-2389f409459f,2,"[0, 0, 0, 1, 0]",4,0,0,,0.6,5
215,1b4a4f2e-8220-11f1-b0da-2389f409459f,3,"[0, 0, 1, 1, 1]",0,0,0,,0.6,5
216,1b4a4f2e-8220-11f1-b0da-2389f409459f,3,"[0, 0, 1, 1, 1]",1,0,0,,0.6,5
217,1b4a4f2e-8220-11f1-b0da-2389f409459f,3,"[0, 0, 1, 1, 1]",2,1,1,,0.6,5
218,1b4a4f2e-8220-11f1-b0da-2389f409459f,3,"[0, 0, 1, 1, 1]",3,1,1,,0.6,5
219,1b4a4f2e-8220-11f1-b0da-2389f409459f,3,"[0, 0, 1, 1, 1]",4,1,1,,0.6,5
220,1b4a4f2e-8220-11f1-b0da-2389f409459f,4,"[0, 0, 0, 1, 1]",0,0,0,,0.6,5
221,1b4a4f2e-8220-11f1-b0da-2389f409459f,4,"[0, 0, 0, 1, 1]",1,0,0,,0.6,5
222,1b4a4f2e-8220-11f1-b0da-2389f409459f,4,"[0, 0, 0, 1, 1]",2,0,0,,0.6,5
223,1b4a4f2e-8220-11f1-b0da-2389f409459f,4,"[0, 0, 0, 1, 1]",3,1,1,,0.6,5
224,1b4a4f2e-8220-11f1-b0da-2389f409459f,4,"[0, 0, 0, 1, 1]",4,1,1,,0.6,5
225,1b4a4f2e-8220-11f1-b0da-2389f409459f,5,"[0, 1, 1, 1, 1]",0,0,0,,0.6,5
226,1b4a4f2e-8220-11f1-b0da-2389f409459f,5,"[0, 1, 1, 1, 1]",1,1,-1,,0.6,5
227,1b4a4f2e-8220-11f1-b0da-2389f409459f,5,"[0, 1, 1, 1, 1]",2,1,-1,,0.6,5
228,1b4a4f2e-8220-11f1-b0da-2389f409459f,5,"[0, 1, 1, 1, 1]",3,1,-1,,0.6,5
229,1b4a4f2e-8220-11f1-b0da-2389f409459f,5,"[0, 1, 1, 1, 1]",4,1,-1,,0.6,5
230,1b4a4f2e-8220-11f1-b0da-2389f409459f,6,"[1, 1, 0, 1, 0]",0,1,1,,0.6,5
231,1b4a4f2e-8220-11f1-b0da-2389f409459f,6,"[1, 1, 0, 1, 0]",1,1,1,,0.6,5
232,1b4a4f2e-8220-11f1-b0da-2389f409459f,6,"[1, 1, 0, 1, 0]",2,0,0,,0.6,5
233,1b4a4f2e-8220-11f1-b0da-2389f409459f,6,"[1, 1, 0, 1, 0]",3,1,1,,0.6,5
234,1b4a4f2e-8220-11f1-b0da-2389f409459f,6,"[1, 1, 0, 1, 0]",4,0,0,,0.6,5
235,1b4a4f2e-8220-11f1-b0da-2389f409459f,7,"[0, 0, 1, 1, 1]",0,0,0,,0.6,5
236,1b4a4f2e-8220-11f1-b0da-2389f409459f,7,"[0, 0, 1, 1, 1]",1,0,0,,0.6,5
237,1b4a4f2e-8220-11f1-b0da-2389f409459f,7,"[0, 0, 1, 1, 1]",2,1,1,,0.6,5
238,1b4a4f2e-8220-11f1-b0da-2389f409459f,7,"[0, 0, 1, 1, 1]",3,1,1,,0.6,5
239,1b4a4f2e-8220-11f1-b0da-2389f409459f,7,"[0, 0, 1, 1, 1]",4,1,1,,0.6,5
240,1b4a4f2e-8220-11f1-b0da-2389f409459f,8,"[0, 1, 0, 1, 1]",0,0,0,,0.6,5
241,1b4a4f2e-8220-11f1-b0da-2389f409459f,8,"[0, 1, 0, 1, 1]",1,1,1,,0.6,5
242,1b4a4f2e-8220-11f1-b0da-2389f409459f,8,"[0, 1, 0, 1, 1]",2,0,0,,0.6,5
243,1b4a4f2e-8220-11f1-b0da-2389f409459f,8,"[0, 1, 0, 1, 1]",3,1,1,,0.6,5
244,1b4a4f2e-8220-11f1-b0da-2389f409459f,8,"[0, 1, 0, 1, 1]",4,1,1,,0.6,5
245,1b4a4f2e-8220-11f1-b0da-2389f409459f,9,"[0, 0, 1, 1, 0]",0,0,0,,0.6,5
246,1b4a4f2e-8220-11f1-b0da-2389f409459f,9,"[0, 0, 1, 1, 0]",1,0,0,,0.6,5
247,1b4a4f2e-8220-11f1-b0da-2389f409459f,9,"[0, 0, 1, 1, 0]",2,1,1,,0.6,5
248,1b4a4f2e-8220-11f1-b0da-2389f409459f,9,"[0, 0, 1, 1, 0]",3,1,1,,0.6,5
249,1b4a4f2e-8220-11f1-b0da-2389f409459f,9,"[0, 0, 1, 1, 0]",4,0,0,,0.6,5
250,1b4b1148-8220-11f1-b0da-2389f409459f,0,"[1, 0, 1, 0, 0]",0,1,1,,0.6,5
251,1b4b1148-8220-11f1-b0da-2389f409459f,0,"[1, 0, 1, 0, 0]",1,0,0,,0.6,5
252,1b4b1148-8220-11f1-b0da-2389f409459f,0,"[1, 0, 1, 0, 0]",2,1,1,,0.6,5
253,1b4b1148-8220-11f1-b0da-2389f409459f,0,"[1, 0, 1, 0, 0]",3,0,0,,0.6,5
254,1b4b1148-8220-11f1-b0da-2389f409459f,0,"[1, 0, 1, 0, 0]",4,0,0,,0.6,5
255,1b4b1148-8220-11f1-b0da-2389f409459f,1,"[1, 0, 0, 1, 0]",0,1,1,,0.6,5
256,1b4b1148-8220-11f1-b0da-2389f409459f,1,"[1, 0, 0, 1, 0]",1,0,0,,0.6,5
257,1b4b1148-8220-11f1-b0da-2389f409459f,1,"[1, 0, 0, 1, 0]",2,0,0,,0.6,5
258,1b4b1148-8220-11f1-b0da-2389f409459f,1,"[1, 0, 0, 1, 0]",3,1,1,,0.6,5
259,1b4b1148-8220-11f1-b0da-2389f409459f,1,"[1, 0, 0, 1, 0]",4,0,0,,0.6,5
260,1b4b1148-8220-11f1-b0da-2389f409459f,2,"[1, 1, 1, 1, 0]",0,1,-1,,0.6,5
261,1b4b1148-8220-11f1-b0da-2389f409459f,2,"[1, 1, 1, 1, 0]",1,1,-1,,0.6,5
262,1b4b1148-8220-11f1-b0da-2389f409459f,2,"[1, 1, 1, 1, 0]",2,1,-1,,0.6,5
263,1b4b1148-8220-11f1-b0da-2389f409459f,2,"[1, 1, 1, 1, 0]",3,1,-1,,0.6,5
264,1b4b1148-8220-11f1-b0da-2389f409459f,2,"[1, 1, 1, 1, 0]",4,0,0,,0.6,5
265,1b4b1148-8220-11f1-b0da-2389f409459f,3,"[1, 0, 0, 0, 1]",0,1,1,,0.6,5
266,1b4b1148-8220-11f1-b0da-2389f409459f,3,"[1, 0, 0, 0, 1]",1,0,0,,0.6,5
267,1b4b1148-8220-11f1-b0da-2389f409459f,3,"[1, 0, 0, 0, 1]",2,0,0,,0.6,5
268,1b4b1148-8220-11f1-b0da-2389f409459f,3,"[1, 0, 0, 0, 1]",3,0,0,,0.6,5
269,1b4b1148-8220-11f1-b0da-2389f409459f,3,"[1, 0, 0, 0, 1]",4,1,1,,0.6,5
270,1b4b1148-8220-11f1-b0da-2389f409459f,4,"[0, 0, 0, 0, 1]",0,0,0,,0.6,5
271,1b4b1148-8220-11f1-b0da-2389f409459f,4,"[0, 0, 0, 0, 1]",1,0,0,,0.6,5
272,1b4b1148-8220-11f1-b0da-2389f409459f,4,"[0, 0, 0, 0, 1]",2,0,0,,0.6,5
273,1b4b1148-8220-11f1-b0da-2389f409459f,4,"[0, 0, 0, 0, 1]",3,0,0,,0.6,5
274,1b4b1148-8220-11f1-b0da-2389f409459f,4,"[0, 0, 0, 0, 1]",4,1,1,,0.6,5
275,1b4b1148-8220-11f1-b0da-2389f409459f,5,"[1, 0, 0, 0, 0]",0,1,1,,0.6,5
276,1b4b1148-8220-11f1-b0da-2389f409459f,5,"[1, 0, 0, 0, 0]",1,0,0,,0.6,5
277,1b4b1148-8220-11f1-b0da-2389f409459f,5,"[1, 0, 0, 0, 0]",2,0,0,,0.6,5
278,1b4b1148-8220-11f1-b0da-2389f409459f,5,"[1, 0, 0, 0, 0]",3,0,0,,0.6,5
279,1b4b1148-8220-11f1-b0da-2389f409459f,5,"[1, 0, 0, 0, 0]",4,0,0,,0.6,5
280,1b4b1148-8220-11f1-b0da-2389f409459f,6,"[1, 1, 0, 0, 1]",0,1,1,,0.6,5
281,1b4b1148-8220-11f1-b0da-2389f409459f,6,"[1, 1, 0, 0, 1]",1,1,1,,0.6,5
282,1b4b1148-8220-11f1-b0da-2389f409459f,6,"[1, 1, 0, 0, 1]",2,0,0,,0.6,5
283,1b4b1148-8220-11f1-b0da-2389f409459f,6,"[1, 1, 0, 0, 1]",3,0,0,,0.6,5
284,1b4b1148-8220-11f1-b0da-2389f409459f,6,"[1, 1, 0, 0, 1]",4,1,1,,0.6,5
285,1b4b1148-8220-11f1-b0da-2389f409459f,7,"[1, 0, 1, 0, 0]",0,1,1,,0.6,5
286,1b4b1148-8220-11f1-b0da-2389f409459f,7,"[1, 0, 1, 0, 0]",1,0,0,,0.6,5
287,1b4b1148-8220-11f1-b0da-2389f409459f,7,"[1, 0, 1, 0, 0]",2,1,1,,0.6,5
288,1b4b1148-8220-11f1-b0da-2389f409459f,7,"[1, 0, 1, 0, 0]",3,0,0,,0.6,5
289,1b4b1148-8220-11f1-b0da-2389f409459f,7,"[1, 0, 1, 0, 0]",4,0,0,,0.6,5
290,1b4b1148-8220-11f1-b0da-2389f409459f,8,"[1, 0, 0, 1, 1]",0,1,1,,0.6,5
291,1b4b1148-8220-11f1-b0da-2389f409459f,8,"[1, 0, 0, 1, 1]",1,0,0,,0.6,5
292,1b4b1148-8220-11f1-b0da-2389f409459f,8,"[1, 0, 0, 1, 1]",2,0,0,,0.6,5
293,1b4b1148-8220-11f1-b0da-2389f409459f,8,"[1, 0, 0, 1, 1]",3,1,1,,0.6,5
294,1b4b1148-8220-11f1-b0da-2389f409459f,8,"[1, 0, 0, 1, 1]",4,1,1,,0.6,5
295,1b4b1148-8220-11f1-b0da-2389f409459f,9,"[1, 1, 0, 0, 0]",0,1,1,,0.6,5
296,1b4b1148-8220-11f1-b0da-2389f409459f,9,"[1, 1, 0, 0, 0]",1,1,1,,0.6,5
297,1b4b1148-8220-11f1-b0da-2389f409459f,9,"[1, 1, 0, 0, 0]",2,0,0,,0.6,5
298,1b4b1148-8220-11f1-b0da-2389f409459f,9,"[1, 1, 0, 0, 0]",3,0,0,,0.6,5
299,1b4b1148-8220-11f1-b0da-2389f409459f,9,"[1, 1, 0, 0, 0]",4,0,0,,0.6,5
300,1b4c204c-8220-11f1-b0da-2389f409459f,0,"[1, 0, 0, 0, 1]",0,1,1,,0.6,5
301,1b4c204c-8220-11f1-b0da-2389f409459f,0,"[1, 0, 0, 0, 1]",1,0,0,,0.6,5
302,1b4c204c-8220-11f1-b0da-2389f409459f,0,"[1, 0, 0, 0, 1]",2,0,0,,0.6,5
303,1b4c204c-8220-11f1-b0da-2389f409459f,0,"[1, 0, 0, 0, 1]",3,0,0,,0.6,5
304,1b4c204c-8220-11f1-b0da-2389f409459f,0,"[1, 0, 0, 0, 1]",4,1,1,,0.6,5
305,1b4c204c-8220-11f1-b0da-2389f409459f,1,"[0, 0, 0, 1, 1]",0,0,0,,0.6,5
306,1b4c204c-8220-11f1-b0da-2389f409459f,1,"[0, 0, 0, 1, 1]",1,0,0,,0.6,5
307,1b4c204c-8220-11f1-b0da-2389f409459f,1,"[0, 0, 0, 1, 1]",2,0,0,,0.6,5
308,1b4c204c-8220-11f1-b0da-2389f409459f,1,"[0, 0, 0, 1, 1]",3,1,1,,0.6,5
309,1b4c204c-8220-11f1-b0da-2389f409459f,1,"[0, 0, 0, 1, 1]",4,1,1,,0.6,5
310,1b4c204c-8220-11f1-b0da-2389f409459f,2,"[0, 0, 1, 0, 0]",0,0,0,,0.6,5
311,1b4c204c-8220-11f1-b0da-2389f409459f,2,"[0, 0, 1, 0, 0]",1,0,0,,0.6,5
312,1b4c204c-8220-11f1-b0da-2389f409459f,2,"[0, 0, 1, 0, 0]",2,1,1,,0.6,5
313,1b4c204c-8220-11f1-b0da-2389f409459f,2,"[0, 0, 1, 0, 0]",3,0,0,,0.6,5
314,1b4c204c-8220-11f1-b0da-2389f409459f,2,"[0, 0, 1, 0, 0]",4,0,0,,0.6,5
315,1b4c204c-8220-11f1-b0da-2389f409459f,3,"[0, 0, 0, 0, 0]",0,0,0,,0.6,5
316,1b4c204c-8220-11f1-b0da-2389f409459f,3,"[0, 0, 0, 0, 0]",1,0,0,,0.6,5
317,1b4c204c-8220-11f1-b0da-2389f409459f,3,"[0, 0, 0, 0, 0]",2,0,0,,0.6,5
318,1b4c204c-8220-11f1-b0da-2389f409459f,3,"[0, 0, 0, 0, 0]",3,0,0,,0.6,5
319,1b4c204c-8220-11f1-b0da-2389f409459f,3,"[0, 0, 0, 0, 0]",4,0,0,,0.6,5
320,1b4c204c-8220-11f1-b0da-2389f409459f,4,"[0, 0, 0, 1, 1]",0,0,0,,0.6,5
321,1b4c204c-8220-11f1-b0da-2389f409459f,4,"[0, 0, 0, 1, 1]",1,0,0,,0.6,5
322,1b4c204c-8220-11f1-b0da-2389f409459f,4,"[0, 0, 0, 1, 1]",2,0,0,,0.6,5
323,1b4c204c-8220-11f1-b0da-2389f409459f,4,"[0, 0, 0, 1, 1]",3,1,1,,0.6,5
324,1b4c204c-8220-11f1-b0da-2389f409459f,4,"[0, 0, 0, 1, 1]",4,1,1,,0.6,5
325,1b4c204c-8220-11f1-b0da-2389f409459f,5,"[1, 1, 0, 0, 1]",0,1,1,,0.6,5
326,1b4c204c-8220-11f1-b0da-2389f409459f,5,"[1, 1, 0, 0, 1]",1,1,1,,0.6,5
327,1b4c204c-8220-11f1-b0da-2389f409459f,5,"[1, 1, 0, 0, 1]",2,0,0,,0.6,5
328,1b4c204c-8220-11f1-b0da-2389f409459f,5,"[1, 1, 0, 0, 1]",3,0,0,,0.6,5
329,1b4c204c-8220-11f1-b0da-2389f409459f,5,"[1, 1, 0, 0, 1]",4,1,1,,0.6,5
330,1b4c204c-8220-11f1-b0da-2389f409459f,6,"[0, 0, 0, 0, 0]",0,0,0,,0.6,5
331,1b4c204c-8220-11f1-b0da-2389f409459f,6,"[0, 0, 0, 0, 0]",1,0,0,,0.6,5
332,1b4c204c-8220-11f1-b0da-2389f409459f,6,"[0, 0, 0, 0, 0]",2,0,0,,0.6,5
333,1b4c204c-8220-11f1-b0da-2389f409459f,6,"[0, 0, 0, 0, 0]",3,0,0,,0.6,5
334,1b4c204c-8220-11f1-b0da-2389f409459f,6,"[0, 0, 0, 0, 0]",4,0,0,,0.6,5
335,1b4c204c-8220-11f1-b0da-2389f409459f,7,"[0, 0, 1, 0, 0]",0,0,0,,0.6,5
336,1b4c204c-8220-11f1-b0da-2389f409459f,7,"[0, 0, 1, 0, 0]",1,0,0,,0.6,5
337,1b4c204c-8220-11f1-b0da-2389f409459f,7,"[0, 0, 1, 0, 0]",2,1,1,,0.6,5
338,1b4c204c-8220-11f1-b0da-2389f409459f,7,"[0, 0, 1, 0, 0]",3,0,0,,0.6,5
339,1b4c204c-8220-11f1-b0da-2389f409459f,7,"[0, 0, 1, 0, 0]",4,0,0,,0.6,5
340,1b4c204c-8220-11f1-b0da-2389f409459f,8,"[0, 0, 0, 0, 0]",0,0,0,,0.6,5
341,1b4c204c-8220-11f1-b0da-2389f409459f,8,"[0, 0, 0, 0, 0]",1,0,0,,0.6,5
342,1b4c204c-8220-11f1-b0da-2389f409459f,8,"[0, 0, 0, 0, 0]",2,0,0,,0.6,5
343,1b4c204c-8220-11f1-b0da-2389f409459f,8,"[0, 0, 0, 0, 0]",3,0,0,,0.6,5
344,1b4c204c-8220-11f1-b0da-2389f409459f,8,"[0, 0, 0, 0, 0]",4,0,0,,0.6,5
345,1b4c204c-8220-11f1-b0da-2389f409459f,9,"[0, 0, 0, 0, 0]",0,0,0,,0.6,5
346,1b4c204c-8220-11f1-b0da-2389f409459f,9,"[0, 0, 0, 0, 0]",1,0,0,,0.6,5
347,1b4c204c-8220-11f1-b0da-2389f409459f,9,"[0, 0, 0, 0, 0]",2,0,0,,0.6,5
348,1b4c204c-8220-11f1-b0da-2389f409459f,9,"[0, 0, 0, 0, 0]",3,0,0,,0.6,5
349,1b4c204c-8220-11f1-b0da-2389f409459f,9,"[0, 0, 0, 0, 0]",4,0,0,,0.6,5
350,1b501724-8220-11f1-b0da-2389f409459f,0,"[0, 0, 1, 0, 1]",0,0,0,,0.6,5
351,1b501724-8220-11f1-b0da-2389f409459f,0,"[0, 0, 1, 0, 1]",1,0,0,,0.6,5
352,1b501724-8220-11f1-b0da-2389f409459f,0,"[0, 0, 1, 0, 1]",2,1,1,,0.6,5
353,1b501724-8220-11f1-b0da-2389f409459f,0,"[0, 0, 1, 0, 1]",3,0,0,,0.6,5
354,1b501724-8220-11f1-b0da-2389f409459f,0,"[0, 0, 1, 0, 1]",4,1,1,,0.6,5
355,1b501724-8220-11f1-b0da-2389f409459f,1,"[1, 0, 1, 1, 1]",0,1,-1,,0.6,5
356,1b501724-8220-11f1-b0da-2389f409459f,1,"[1, 0, 1, 1, 1]",1,0,0,,0.6,5
357,1b501724-8220-11f1-b0da-2389f409459f,1,"[1, 0, 1, 1, 1]",2,1,-1,,0.6,5
358,1b501724-8220-11f1-b0da-2389f409459f,1,"[1, 0, 1, 1, 1]",3,1,-1,,0.6,5
359,1b501724-8220-11f1-b0da-2389f409459f,1,"[1, 0, 1, 1, 1]",4,1,-1,,0.6,5
360,1b501724-8220-11f1-b0da-2389f409459f,2,"[0, 0, 1, 0, 1]",0,0,0,,0.6,5
361,1b501724-8220-11f1-b0da-2389f409459f,2,"[0, 0, 1, 0, 1]",1,0,0,,0.6,5
362,1b501724-8220-11f1-b0da-2389f409459f,2,"[0, 0, 1, 0, 1]",2,1,1,,0.6,5
363,1b501724-8220-11f1-b0da-2389f409459f,2,"[0, 0, 1, 0, 1]",3,0,0,,0.6,5
364,1b501724-8220-11f1-b0da-2389f409459f,2,"[0, 0, 1, 0, 1]",4,1,1,,0.6,5
365,1b501724-8220-11f1-b0da-2389f409459f,3,"[0, 1, 1, 1, 1]",0,0,0,,0.6,5
366,1b501724-8220-11f1-b0da-2389f409459f,3,"[0, 1, 1, 1, 1]",1,1,-1,,0.6,5
367,1b501724-8220-11f1-b0da-2389f409459f,3,"[0, 1, 1, 1, 1]",2,1,-1,,0.6,5
368,1b501724-8220-11f1-b0da-2389f409459f,3,"[0, 1, 1, 1, 1]",3,1,-1,,0.6,5
369,1b501724-8220-11f1-b0da-2389f409459f,3,"[0, 1, 1, 1, 1]",4,1,-1,,0.6,5
370,1b501724-8220-11f1-b0da-2389f409459f,4,"[0, 0, 1, 1, 0]",0,0,0,,0.6,5
371,1b501724-8220-11f1-b0da-2389f409459f,4,"[0, 0, 1, 1, 0]",1,0,0,,0.6,5
372,1b501724-8220-11f1-b0da-2389f409459f,4,"[0, 0, 1, 1, 0]",2,1,1,,0.6,5
373,1b501724-8220-11f1-b0da-2389f409459f,4,"[0, 0, 1, 1, 0]",3,1,1,,0.6,5
374,1b501724-8220-11f1-b0da-2389f409459f,4,"[0, 0, 1, 1, 0]",4,0,0,,0.6,5
375,1b501724-8220-11f1-b0da-2389f409459f,5,"[1, 1, 1, 0, 0]",0,1,1,,0.6,5
376,1b501724-8220-11f1-b0da-2389f409459f,5,"[1, 1, 1, 0, 0]",1,1,1,,0.6,5
377,1b501724-8220-11f1-b0da-2389f409459f,5,"[1, 1, 1, 0, 0]",2,1,1,,0.6,5
378,1b501724-8220-11f1-b0da-2389f409459f,5,"[1, 1, 1, 0, 0]",3,0,0,,0.6,5
379,1b501724-8220-11f1-b0da-2389f409459f,5,"[1, 1, 1, 0, 0]",4,0,0,,0.6,5
380,1b501724-8220-11f1-b0da-2389f409459f,6,"[1, 1, 1, 0, 0]",0,1,1,,0.6,5
381,1b501724-8220-11f1-b0da-2389f409459f,6,"[1, 1, 1, 0, 0]",1,1,1,,0.6,5
382,1b501724-8220-11f1-b0da-2389f409459f,6,"[1, 1, 1, 0, 0]",2,1,1,,0.6,5
383,1b501724-8220-11f1-b0da-2389f409459f,6,"[1, 1, 1, 0, 0]",3,0,0,,0.6,5
384,1b501724-8220-11f1-b0da-2389f409459f,6,"[1, 1, 1, 0, 0]",4,0,0,,0.6,5
385,1b501724-8220-11f1-b0da-2389f409459f,7,"[0, 1, 0, 0, 0]",0,0,0,,0.6,5
386,1b501724-8220-11f1-b0da-2389f409459f,7,"[0, 1, 0, 0, 0]",1,1,1,,0.6,5
387,1b501724-8220-11f1-b0da-2389f409459f,7,"[0, 1, 0, 0, 0]",2,0,0,,0.6,5
388,1b501724-8220-11f1-b0da-2389f409459f,7,"[0, 1, 0, 0, 0]",3,0,0,,0.6,5
389,1b501724-8220-11f1-b0da-2389f409459f,7,"[0, 1, 0, 0, 0]",4,0,0,,0.6,5
390,1b501724-8220-11f1-b0da-2389f409459f,8,"[0, 0, 0, 1, 0]",0,0,0,,0.6,5
391,1b501724-8220-11f1-b0da-2389f409459f,8,"[0, 0, 0, 1, 0]",1,0,0,,0.6,5
392,1b501724-8220-11f1-b0da-2389f409459f,8,"[0, 0, 0, 1, 0]",2,0,0,,0.6,5
393,1b501724-8220-11f1-b0da-2389f409459f,8,"[0, 0, 0, 1, 0]",3,1,1,,0.6,5
394,1b501724-8220-11f1-b0da-2389f409459f,8,"[0, 0, 0, 1, 0]",4,0,0,,0.6,5
395,1b501724-8220-11f1-b0da-2389f409459f,9,"[0, 1, 1, 1, 0]",0,0,0,,0.6,5
396,1b501724-8220-11f1-b0da-2389f409459f,9,"[0, 1, 1, 1, 0]",1,1,1,,0.6,5
397,1b501724-8220-11f1-b0da-2389f409459f,9,"[0, 1, 1, 1, 0]",2,1,1,,0.6,5
398,1b501724-8220-11f1-b0da-2389f409459f,9,"[0, 1, 1, 1, 0]",3,1,1,,0.6,5
399,1b501724-8220-11f1-b0da-2389f409459f,9,"[0, 1, 1, 1, 0]",4,0,0,,0.6,5
400,1b533440-8220-11f1-b0da-2389f409459f,0,"[1, 0, 1, 0, 1]",0,1,1,,0.6,5
401,1b533440-8220-11f1-b0da-2389f409459f,0,"[1, 0, 1, 0, 1]",1,0,0,,0.6,5
402,1b533440-8220-11f1-b0da-2389f409459f,0,"[1, 0, 1, 0, 1]",2,1,1,,0.6,5
403,1b533440-8220-11f1-b0da-2389f409459f,0,"[1, 0, 1, 0, 1]",3,0,0,,0.6,5
404,1b533440-8220-11f1-b0da-2389f409459f,0,"[1, 0, 1, 0, 1]",4,1,1,,0.6,5
405,1b533440-8220-11f1-b0da-2389f409459f,1,"[1, 0, 0, 1, 0]",0,1,1,,0.6,5
406,1b533440-8220-11f1-b0da-2389f409459f,1,"[1, 0, 0, 1, 0]",1,0,0,,0.6,5
407,1b533440-8220-11f1-b0da-2389f409459f,1,"[1, 0, 0, 1, 0]",2,0,0,,0.6,5
408,1b533440-8220-11f1-b0da-2389f409459f,1,"[1, 0, 0, 1, 0]",3,1,1,,0.6,5
409,1b533440-8220-11f1-b0da-2389f409459f,1,"[1, 0, 0, 1, 0]",4,0,0,,0.6,5
410,1b533440-8220-11f1-b0da-2389f409459f,2,"[0, 1, 0, 0, 0]",0,0,0,,0.6,5
411,1b533440-8220-11f1-b0da-2389f409459f,2,"[0, 1, 0, 0, 0]",1,1,1,,0.6,5
412,1b533440-8220-11f1-b0da-2389f409459f,2,"[0, 1, 0, 0, 0]",2,0,0,,0.6,5
413,1b533440-8220-11f1-b0da-2389f409459f,2,"[0, 1, 0, 0, 0]",3,0,0,,0.6,5
414,1b533440-8220-11f1-b0da-2389f409459f,2,"[0, 1, 0, 0, 0]",4,0,0,,0.6,5
415,1b533440-8220-11f1-b0da-2389f409459f,3,"[0, 1, 1, 0, 1]",0,0,0,,0.6,5
416,1b533440-8220-11f1-b0da-2389f409459f,3,"[0, 1, 1, 0, 1]",1,1,1,,0.6,5
417,1b533440-8220-11f1-b0da-2389f409459f,3,"[0, 1, 1, 0, 1]",2,1,1,,0.6,5
418,1b533440-8220-11f1-b0da-2389f409459f,3,"[0, 1, 1, 0, 1]",3,0,0,,0.6,5
419,1b533440-8220-11f1-b0da-2389f409459f,3,"[0, 1, 1, 0, 1]",4,1,1,,0.6,5
420,1b533440-8220-11f1-b0da-2389f409459f,4,"[0, 0, 1, 1, 0]",0,0,0,,0.6,5
421,1b533440-8220-11f1-b0da-2389f409459f,4,"[0, 0, 1, 1, 0]",1,0,0,,0.6,5
422,1b533440-8220-11f1-b0da-2389f409459f,4,"[0, 0, 1, 1, 0]",2,1,1,,0.6,5
423,1b533440-8220-11f1-b0da-2389f409459f,4,"[0, 0, 1, 1, 0]",3,1,1,,0.6,5
424,1b533440-8220-11f1-b0da-2389f409459f,4,"[0, 0, 1, 1, 0]",4,0,0,,0.6,5
425,1b533440-8220-11f1-b0da-2389f409459f,5,"[1, 1, 1, 1, 1]",0,1,-1,,0.6,5
426,1b533440-8220-11f1-b0da-2389f409459f,5,"[1, 1, 1, 1, 1]",1,1,-1,,0.6,5
427,1b533440-8220-11f1-b0da-2389f409459f,5,"[1, 1, 1, 1, 1]",2,1,-1,,0.6,5
428,1b533440-8220-11f1-b0da-2389f409459f,5,"[1, 1, 1, 1, 1]",3,1,-1,,0.6,5
429,1b533440-8220-11f1-b0da-2389f409459f,5,"[1, 1, 1, 1, 1]",4,1,-1,,0.6,5
430,1b533440-8220-11f1-b0da-2389f409459f,6,"[0, 1, 0, 0, 0]",0,0,0,,0.6,5
431,1b533440-8220-11f1-b0da-2389f409459f,6,"[0, 1, 0, 0, 0]",1,1,1,,0.6,5
432,1b533440-8220-11f1-b0da-2389f409459f,6,"[0, 1, 0, 0, 0]",2,0,0,,0.6,5
433,1b533440-8220-11f1-b0da-2389f409459f,6,"[0, 1, 0, 0, 0]",3,0,0,,0.6,5
434,1b533440-8220-11f1-b0da-2389f409459f,6,"[0, 1, 0, 0, 0]",4,0,0,,0.6,5
435,1b533440-8220-11f1-b0da-2389f409459f,7,"[1, 1, 0, 1, 1]",0,1,-1,,0.6,5
436,1b533440-8220-11f1-b0da-2389f409459f,7,"[1, 1, 0, 1, 1]",1,1,-1,,0.6,5
437,1b533440-8220-11f1-b0da-2389f409459f,7,"[1, 1, 0, 1, 1]",2,0,0,,0.6,5
438,1b533440-8220-11f1-b0da-2389f409459f,7,"[1, 1, 0, 1, 1]",3,1,-1,,0.6,5
439,1b533440-8220-11f1-b0da-2389f409459f,7,"[1, 1, 0, 1, 1]",4,1,-1,,0.6,5
440,1b533440-8220-11f1-b0da-2389f409459f,8,"[1, 0, 0, 1, 0]",0,1,1,,0.6,5
441,1b533440-8220-11f1-b0da-2389f409459f,8,"[1, 0, 0, 1, 0]",1,0,0,,0.6,5
442,1b533440-8220-11f1-b0da-2389f409459f,8,"[1, 0, 0, 1, 0]",2,0,0,,0.6,5
443,1b533440-8220-11f1-b0da-2389f409459f,8,"[1, 0, 0, 1, 0]",3,1,1,,0.6,5
444,1b533440-8220-11f1-b0da-2389f409459f,8,"[1, 0, 0, 1, 0]",4,0,0,,0.6,5
445,1b533440-8220-11f1-b0da-2389f409459f,9,"[1, 1, 0, 0, 1]",0,1,1,,0.6,5
446,1b533440-8220-11f1-b0da-2389f409459f,9,"[1, 1, 0, 0, 1]",1,1,1,,0.6,5
447,1b533440-8220-11f1-b0da-2389f409459f,9,"[1, 1, 0, 0, 1]",2,0,0,,0.6,5
448,1b533440-8220-11f1-b0da-2389f409459f,9,"[1, 1, 0, 0, 1]",3,0,0,,0.6,5
449,1b533440-8220-11f1-b0da-2389f409459f,9,"[1, 1, 0, 0, 1]",4,1,1,,0.6,5
450,1b55921c-8220-11f1-b0da-2389f409459f,0,"[0, 1, 0, 0, 1]",0,0,0,,0.6,5
451,1b55921c-8220-11f1-b0da-2389f409459f,0,"[0, 1, 0, 0, 1]",1,1,1,,0.6,5
452,1b55921c-8220-11f1-b0da-2389f409459f,0,"[0, 1, 0, 0, 1]",2,0,0,,0.6,5
453,1b55921c-8220-11f1-b0da-2389f409459f,0,"[0, 1, 0, 0, 1]",3,0,0,,0.6,5
454,1b55921c-8220-11f1-b0da-2389f409459f,0,"[0, 1, 0, 0, 1]",4,1,1,,0.6,5
455,1b55921c-8220-11f1-b0da-2389f409459f,1,"[0, 1, 0, 1, 1]",0,0,0,,0.6,5
456,1b55921c-8220-11f1-b0da-2389f409459f,1,"[0, 1, 0, 1, 1]",1,1,1,,0.6,5
457,1b55921c-8220-11f1-b0da-2389f409459f,1,"[0, 1, 0, 1, 1]",2,0,0,,0.6,5
458,1b55921c-8220-11f1-b0da-2389f409459f,1,"[0, 1, 0, 1, 1]",3,1,1,,0.6,5
459,1b55921c-8220-11f1-b0da-2389f409459f,1,"[0, 1, 0, 1, 1]",4,1,1,,0.6,5
460,1b55921c-8220-11f1-b0da-2389f409459f,2,"[0, 0, 0, 0, 0]",0,0,0,,0.6,5
461,1b55921c-8220-11f1-b0da-2389f409459f,2,"[0, 0, 0, 0, 0]",1,0,0,,0.6,5
462,1b55921c-8220-11f1-b0da-2389f409459f,2,"[0, 0, 0, 0, 0]",2,0,0,,0.6,5
463,1b55921c-8220-11f1-b0da-2389f409459f,2,"[0, 0, 0, 0, 0]",3,0,0,,0.6,5
464,1b55921c-8220-11f1-b0da-2389f409459f,2,"[0, 0, 0, 0, 0]",4,0,0,,0.6,5
465,1b55921c-8220-11f1-b0da-2389f409459f,3,"[1, 0, 1, 0, 0]",0,1,1,,0.6,5
466,1b55921c-8220-11f1-b0da-2389f409459f,3,"[1, 0, 1, 0, 0]",1,0,0,,0.6,5
467,1b55921c-8220-11f1-b0da-2389f409459f,3,"[1, 0, 1, 0, 0]",2,1,1,,0.6,5
468,1b55921c-8220-11f1-b0da-2389f409459f,3,"[1, 0, 1, 0, 0]",3,0,0,,0.6,5
469,1b55921c-8220-11f1-b0da-2389f409459f,3,"[1, 0, 1, 0, 0]",4,0,0,,0.6,5
470,1b55921c-8220-11f1-b0da-2389f409459f,4,"[0, 1, 1, 1, 1]",0,0,0,,0.6,5
471,1b55921c-8220-11f1-b0da-2389f409459f,4,"[0, 1, 1, 1, 1]",1,1,-1,,0.6,5
472,1b55921c-8220-11f1-b0da-2389f409459f,4,"[0, 1, 1, 1, 1]",2,1,-1,,0.6,5
473,1b55921c-8220-11f1-b0da-2389f409459f,4,"[0, 1, 1, 1, 1]",3,1,-1,,0.6,5
474,1b55921c-8220-11f1-b0da-2389f409459f,4,"[0, 1, 1, 1, 1]",4,1,-1,,0.6,5
475,1b55921c-8220-11f1-b0da-2389f409459f,5,"[0, 1, 0, 1, 1]",0,0,0,,0.6,5
476,1b55921c-8220-11f1-b0da-2389f409459f,5,"[0, 1, 0, 1, 1]",1,1,1,,0.6,5
477,1b55921c-8220-11f1-b0da-2389f409459f,5,"[0, 1, 0, 1, 1]",2,0,0,,0.6,5
478,1b55921c-8220-11f1-b0da-2389f409459f,5,"[0, 1, 0, 1, 1]",3,1,1,,0.6,5
479,1b55921c-8220-11f1-b0da-2389f409459f,5,"[0, 1, 0, 1, 1]",4,1,1,,0.6,5
480,1b55921c-8220-11f1-b0da-2389f409459f,6,"[1, 0, 1, 0, 0]",0,1,1,,0.6,5
481,1b55921c-8220-11f1-b0da-2389f409459f,6,"[1, 0, 1, 0, 0]",1,0,0,,0.6,5
482,1b55921c-8220-11f1-b0da-2389f409459f,6,"[1, 0, 1, 0, 0]",2,1,1,,0.6,5
483,1b55921c-8220-11f1-b0da-2389f409459f,6,"[1, 0, 1, 0, 0]",3,0,0,,0.6,5
484,1b55921c-8220-11f1-b0da-2389f409459f,6,"[1, 0, 1, 0, 0]",4,0,0,,0.6,5
485,1b55921c-8220-11f1-b0da-2389f409459f,7,"[1, 0, 1, 0, 0]",0,1,1,,0.6,5
486,1b55921c-8220-11f1-b0da-2389f409459f,7,"[1, 0, 1, 0, 0]",1,0,0,,0.6,5
487,1b55921c-8220-11f1-b0da-2389f409459f,7,"[1, 0, 1, 0, 0]",2,1,1,,0.6,5
488,1b55921c-8220-11f1-b0da-2389f409459f,7,"[1, 0, 1, 0, 0]",3,0,0,,0.6,5
489,1b55921c-8220-11f1-b0da-2389f409459f,7,"[1, 0, 1, 0, 0]",4,0,0,,0.6,5
490,1b55921c-8220-11f1-b0da-2389f409459f,8,"[1, 1, 1, 0, 0]",0,1,1,,0.6,5
491,1b55921c-8220-11f1-b0da-2389f409459f,8,"[1, 1, 1, 0, 0]",1,1,1,,0.6,5
492,1b55921c-8220-11f1-b0da-2389f409459f,8,"[1, 1, 1, 0, 0]",2,1,1,,0.6,5
493,1b55921c-8220-11f1-b0da-2389f409459f,8,"[1, 1, 1, 0, 0]",3,0,0,,0.6,5
494,1b55921c-8220-11f1-b0da-2389f409459f,8,"[1, 1, 1, 0, 0]",4,0,0,,0.6,5
495,1b55921c-8220-11f1-b0da-2389f409459f,9,"[1, 0, 0, 0, 1]",0,1,1,,0.6,5
496,1b55921c-8220-11f1-b0da-2389f409459f,9,"[1, 0, 0, 0, 1]",1,0,0,,0.6,5
497,1b55921c-8220-11f1-b0da-2389f409459f,9,"[1, 0, 0, 0, 1]",2,0,0,,0.6,5
498,1b55921c-8220-11f1-b0da-2389f409459f,9,"[1, 0, 0, 0, 1]",3,0,0,,0.6,5
499,1b55921c-8220-11f1-b0da-2389f409459f,9,"[1, 0, 0, 0, 1]",4,1,1,,0.6,5
